date,vol_breadth,market_breadth,mb_signal,vol_breadth_signal
2016-01-04,,,,
2016-01-05,,,,
2016-01-06,,,,
2016-01-07,,,,
2016-01-08,,,,
2016-01-11,,,,
2016-01-12,,,,
2016-01-13,,,,
2016-01-14,,,,
2016-01-15,,,,
2016-01-19,,,,
2016-01-20,,,,
2016-01-21,,,,
2016-01-22,,,,
2016-01-25,,,,
2016-01-26,,,,
2016-01-27,,,,
2016-01-28,,,,
2016-01-29,,,,
2016-02-01,,,,
2016-02-02,,,,
2016-02-03,,,,
2016-02-04,,,,
2016-02-05,,,,
2016-02-08,,,,
2016-02-09,,,,
2016-02-10,,,,
2016-02-11,,,,
2016-02-12,,,,
2016-02-16,,,,
2016-02-17,,,,
2016-02-18,,,,
2016-02-19,,,,
2016-02-22,,,,
2016-02-23,,,,
2016-02-24,,,,
2016-02-25,,,,
2016-02-26,,,,
2016-02-29,,,,
2016-03-01,,,,
2016-03-02,,,,
2016-03-03,,,,
2016-03-04,,,,
2016-03-07,,,,
2016-03-08,,,,
2016-03-09,,,,
2016-03-10,,,,
2016-03-11,,,,
2016-03-14,,,,
2016-03-15,,0.8267929634641408,,
2016-03-16,,0.8606224627875507,,
2016-03-17,,0.8728010825439784,,
2016-03-18,,0.8998646820027063,,
2016-03-21,,0.9012178619756428,,
2016-03-22,,0.9147496617050067,,
2016-03-23,,0.8768606224627875,,
2016-03-24,,0.8728010825439784,,
2016-03-28,,0.8687415426251691,,
2016-03-29,,0.9052774018944519,,
2016-03-30,,0.9093369418132612,,
2016-03-31,,0.9174560216508796,,
2016-04-01,,0.9228687415426252,,
2016-04-04,,0.9025710419485792,,
2016-04-05,,0.8728010825439784,,
2016-04-06,,0.8998646820027063,,
2016-04-07,,0.8308525033829499,,
2016-04-08,,0.8335588633288228,,
2016-04-11,,0.8267929634641408,,
2016-04-12,,0.8376184032476319,,
2016-04-13,,0.9052774018944519,1.0,
2016-04-14,,0.8824324324324324,1.0,
2016-04-15,,0.8864864864864865,1.0,
2016-04-18,,0.904054054054054,1.0,
2016-04-19,,0.8972972972972973,1.0,
2016-04-20,,0.8608108108108108,1.0,
2016-04-21,,0.7932432432432432,1.0,
2016-04-22,,0.8054054054054054,1.0,
2016-04-25,,0.7878378378378378,1.0,
2016-04-26,,0.7864864864864864,1.0,
2016-04-27,,0.8040540540540541,1.0,
2016-04-28,,0.754054054054054,1.0,
2016-04-29,,0.6986486486486486,1.0,
2016-05-02,,0.7445945945945946,1.0,
2016-05-03,,0.6797297297297298,1.0,
2016-05-04,,0.6270270270270271,1.0,
2016-05-05,,0.581081081081081,1.0,
2016-05-06,,0.6148648648648649,1.0,
2016-05-09,,0.6067567567567568,1.0,
2016-05-10,,0.6783783783783783,1.0,
2016-05-11,,0.6,1.0,
2016-05-12,,0.5851351351351352,1.0,
2016-05-13,,0.5108108108108108,1.0,
2016-05-16,,0.5716216216216217,1.0,
2016-05-17,,0.48243243243243245,1.0,
2016-05-18,,0.47702702702702704,1.0,
2016-05-19,,0.43108108108108106,1.0,
2016-05-20,,0.5067567567567568,1.0,
2016-05-23,,0.4864864864864865,1.0,
2016-05-24,,0.5891891891891892,1.0,
2016-05-25,,0.6256756756756757,1.0,
2016-05-26,,0.6405405405405405,1.0,
2016-05-27,,0.6743243243243243,1.0,
2016-05-31,,0.677027027027027,1.0,
2016-06-01,,0.6797297297297298,1.0,
2016-06-02,,0.7040540540540541,1.0,
2016-06-03,,0.6864864864864865,1.0,
2016-06-06,,0.7121621621621622,1.0,
2016-06-07,,0.7364864864864865,1.0,
2016-06-08,,0.7567567567567568,1.0,
2016-06-09,,0.727027027027027,1.0,
2016-06-10,,0.6189189189189189,1.0,
2016-06-13,,0.5554054054054054,1.0,
2016-06-14,,0.5256756756756756,1.0,
2016-06-15,,0.5135135135135135,1.0,
2016-06-16,,0.522972972972973,1.0,
2016-06-17,,0.5094594594594595,1.0,
2016-06-20,,0.6135135135135135,1.0,
2016-06-21,,0.6121621621621621,1.0,
2016-06-22,,0.6,1.0,
2016-06-23,,0.7175675675675676,1.0,
2016-06-24,,0.36486486486486486,1.0,
2016-06-27,,0.22297297297297297,1.0,
2016-06-28,,0.34864864864864864,1.0,
2016-06-29,,0.4702702702702703,1.0,
2016-06-30,,0.5851351351351352,1.0,
2016-07-01,,0.6040540540540541,1.0,
2016-07-05,,0.5135135135135135,1.0,
2016-07-06,,0.5675675675675675,1.0,
2016-07-07,,0.5702702702702702,1.0,
2016-07-08,,0.7094594594594594,1.0,
2016-07-11,,0.75,1.0,
2016-07-12,,0.8162162162162162,1.0,
2016-07-13,,0.8094594594594594,1.0,
2016-07-14,,0.831081081081081,1.0,
2016-07-15,,0.827027027027027,1.0,
2016-07-18,,0.8313090418353576,1.0,
2016-07-19,,0.8124156545209177,1.0,
2016-07-20,,0.8380566801619433,1.0,
2016-07-21,,0.8043184885290149,1.0,
2016-07-22,,0.835357624831309,1.0,
2016-07-25,,0.8083670715249662,1.0,
2016-07-26,,0.8137651821862348,1.0,
2016-07-27,,0.7651821862348178,1.0,
2016-07-28,,0.7692307692307693,1.0,
2016-07-29,,0.7692307692307693,1.0,
2016-08-01,,0.7449392712550608,1.0,
2016-08-02,,0.6734143049932524,1.0,
2016-08-03,,0.7004048582995951,1.0,
2016-08-04,,0.689608636977058,1.0,
2016-08-05,,0.7435897435897436,1.0,
2016-08-08,,0.7449392712550608,1.0,
2016-08-09,,0.7233468286099866,1.0,
2016-08-10,,0.6963562753036437,1.0,
2016-08-11,,0.7246963562753036,1.0,
2016-08-12,,0.7206477732793523,1.0,
2016-08-15,,0.7489878542510121,1.0,
2016-08-16,,0.7004048582995951,1.0,
2016-08-17,,0.6936572199730094,1.0,
2016-08-18,,0.7125506072874493,1.0,
2016-08-19,,0.7017543859649122,1.0,
2016-08-22,,0.7058029689608637,1.0,
2016-08-23,,0.7246963562753036,1.0,
2016-08-24,,0.6761133603238867,1.0,
2016-08-25,,0.6653171390013495,1.0,
2016-08-26,,0.6410256410256411,1.0,
2016-08-29,,0.659919028340081,1.0,
2016-08-30,,0.6437246963562753,1.0,
2016-08-31,,0.6140350877192983,1.0,
2016-09-01,,0.605121293800539,1.0,
2016-09-02,,0.6455525606469003,1.0,
2016-09-06,,0.6522911051212938,1.0,
2016-09-07,,0.6671159029649596,1.0,
2016-09-08,,0.6199460916442049,1.0,
2016-09-09,,0.4029649595687331,1.0,
2016-09-12,,0.4919137466307278,1.0,
2016-09-13,,0.37012113055181695,1.0,
2016-09-14,,0.34185733512786004,1.0,
2016-09-15,,0.4266487213997308,1.0,
2016-09-16,,0.38088829071332436,1.0,
2016-09-19,,0.40915208613728127,1.0,
2016-09-20,,0.39300134589502017,1.0,
2016-09-21,,0.5141318977119784,1.0,
2016-09-22,,0.5921938088829072,1.0,
2016-09-23,,0.5275908479138627,1.0,
2016-09-26,,0.4629878869448183,1.0,
2016-09-27,,0.5020188425302826,1.0,
2016-09-28,,0.5558546433378196,1.0,
2016-09-29,,0.44818304172274565,1.0,
2016-09-30,,0.5248990578734859,1.0,
2016-10-03,,0.49663526244952894,0.0,
2016-10-04,,0.44414535666218036,0.0,
2016-10-05,,0.4993270524899058,0.0,
2016-10-06,,0.506056527590848,0.0,
2016-10-07,,0.4576043068640646,0.0,
2016-10-10,,0.4858681022880215,0.0,
2016-10-11,,0.35397039030955585,0.0,
2016-10-12,,0.351278600269179,0.0,
2016-10-13,,0.288021534320323,0.0,
2016-10-14,,0.28667563930013457,0.0,
2016-10-17,,0.2772543741588156,0.0,
2016-10-18,0.8700947225981055,0.32705248990578734,0.0,
2016-10-19,0.8660351826792964,0.3620457604306864,0.0,
2016-10-20,0.8822733423545331,0.34320323014804843,0.0,
2016-10-21,0.878213802435724,0.33781965006729475,0.0,
2016-10-24,0.8795669824086604,0.3943472409152086,0.0,
2016-10-25,0.851150202976996,0.34320323014804843,0.0,
2016-10-26,0.8254397834912043,0.3283983849259758,0.0,
2016-10-27,0.7997293640054127,0.2839838492597577,0.0,
2016-10-28,0.7943166441136671,0.29878869448183043,0.0,
2016-10-31,0.7861975642760487,0.3445491251682369,0.0,
2016-11-01,0.7645466847090663,0.27456258411843876,0.0,
2016-11-02,0.7442489851150202,0.24360699865410498,0.0,
2016-11-03,0.7374830852503383,0.23553162853297444,0.0,
2016-11-04,0.7239512855209743,0.24091520861372812,0.0,
2016-11-07,0.6671177266576455,0.39569313593539707,0.0,
2016-11-08,0.652232746955345,0.4414535666218035,0.0,
2016-11-09,0.550744248985115,0.4952893674293405,0.0,
2016-11-10,0.46820027063599456,0.5195154777927322,0.0,
2016-11-11,0.4519621109607578,0.5329744279946165,0.0,
2016-11-14,0.4181326116373478,0.5585464333781965,0.0,
2016-11-15,0.395128552097429,0.5846774193548387,0.0,1.0
2016-11-16,0.37972972972972974,0.5766129032258065,0.0,1.0
2016-11-17,0.37027027027027026,0.6169354838709677,0.0,1.0
2016-11-18,0.3675675675675676,0.6075268817204301,0.0,1.0
2016-11-21,0.3472972972972973,0.6438172043010753,0.0,1.0
2016-11-22,0.3418918918918919,0.6586021505376344,0.0,1.0
2016-11-23,0.37432432432432433,0.657258064516129,0.0,1.0
2016-11-25,0.3878378378378378,0.6881720430107527,0.0,1.0
2016-11-28,0.4,0.6532258064516129,0.0,1.0
2016-11-29,0.40945945945945944,0.6518817204301075,1.0,1.0
2016-11-30,0.3581081081081081,0.6174496644295302,1.0,0.0
2016-12-01,0.34054054054054056,0.5718120805369128,1.0,0.0
2016-12-02,0.3608108108108108,0.5798657718120805,1.0,0.0
2016-12-05,0.36486486486486486,0.6201342281879194,1.0,0.0
2016-12-06,0.3662162162162162,0.6456375838926175,1.0,0.0
2016-12-07,0.3945945945945946,0.6899328859060403,1.0,0.0
2016-12-08,0.3932432432432432,0.7181208053691275,1.0,0.0
2016-12-09,0.48783783783783785,0.7278820375335121,1.0,0.0
2016-12-12,0.5743243243243243,0.7359249329758714,1.0,0.0
2016-12-13,0.5905405405405405,0.760053619302949,1.0,0.0
2016-12-14,0.6067567567567568,0.6947791164658634,1.0,0.0
2016-12-15,0.6270270270270271,0.6978609625668449,1.0,0.0
2016-12-16,0.6162162162162163,0.7032085561497327,1.0,0.0
2016-12-19,0.6418918918918919,0.7232620320855615,1.0,0.0
2016-12-20,0.6418918918918919,0.7286096256684492,1.0,0.0
2016-12-21,0.6581081081081082,0.7219251336898396,1.0,0.0
2016-12-22,0.6675675675675675,0.6818181818181818,1.0,0.0
2016-12-23,0.6810810810810811,0.7045454545454546,1.0,1.0
2016-12-27,0.677027027027027,0.7343124165554072,1.0,1.0
2016-12-28,0.6837837837837838,0.6448598130841121,1.0,1.0
2016-12-29,0.6851351351351351,0.6666666666666666,1.0,1.0
2016-12-30,0.7810810810810811,0.64,1.0,1.0
2017-01-03,0.8243243243243243,0.704,1.0,1.0
2017-01-04,0.8216216216216217,0.7946666666666666,1.0,1.0
2017-01-05,0.8405405405405405,0.7986666666666666,1.0,1.0
2017-01-06,0.8364864864864865,0.7866666666666666,1.0,1.0
2017-01-09,0.8621621621621621,0.756,1.0,1.0
2017-01-10,0.8729729729729729,0.748,1.0,1.0
2017-01-11,0.8608108108108108,0.768,1.0,1.0
2017-01-12,0.8689189189189189,0.7573333333333333,1.0,1.0
2017-01-13,0.8662162162162163,0.7573333333333333,1.0,1.0
2017-01-17,0.8972972972972973,0.7346666666666667,1.0,1.0
2017-01-18,0.9,0.7333333333333333,1.0,1.0
2017-01-19,0.9067567567567567,0.6773333333333333,1.0,1.0
2017-01-20,0.8972972972972973,0.684,1.0,1.0
2017-01-23,0.8945945945945946,0.648,1.0,1.0
2017-01-24,0.8783783783783784,0.725699067909454,1.0,1.0
2017-01-25,0.8743243243243243,0.7603195739014648,1.0,1.0
2017-01-26,0.8527027027027027,0.725699067909454,1.0,1.0
2017-01-27,0.8283783783783784,0.6937416777629827,1.0,1.0
2017-01-30,0.8175675675675675,0.6205059920106525,1.0,1.0
2017-01-31,0.8,0.6324900133155792,1.0,1.0
2017-02-01,0.7891891891891892,0.5792276964047937,1.0,1.0
2017-02-02,0.7743243243243243,0.6005326231691078,1.0,1.0
2017-02-03,0.7635135135135135,0.6671105193075899,1.0,1.0
2017-02-06,0.7608108108108108,0.6378162450066578,1.0,1.0
2017-02-07,0.7581081081081081,0.6231691078561917,1.0,1.0
2017-02-08,0.7567567567567568,0.6351531291611185,1.0,1.0
2017-02-09,0.7486486486486487,0.6977363515312917,1.0,1.0
2017-02-10,0.7391891891891892,0.7230359520639148,1.0,1.0
2017-02-13,0.7351351351351352,0.7563249001331558,1.0,1.0
2017-02-14,0.7297297297297297,0.7603195739014648,1.0,1.0
2017-02-15,0.7554054054054054,0.7723035952063915,1.0,1.0
2017-02-16,0.7297297297297297,0.7603195739014648,1.0,1.0
2017-02-17,0.7337837837837838,0.762982689747004,1.0,1.0
2017-02-21,0.7216216216216216,0.796271637816245,1.0,1.0
2017-02-22,0.7273954116059379,0.7832446808510638,1.0,1.0
2017-02-23,0.7327935222672065,0.7726063829787234,1.0,1.0
2017-02-24,0.7354925775978407,0.773936170212766,1.0,1.0
2017-02-27,0.7489878542510121,0.7925531914893617,1.0,1.0
2017-02-28,0.7422402159244265,0.75,1.0,1.0
2017-03-01,0.7219973009446694,0.7952127659574468,1.0,1.0
2017-03-02,0.728744939271255,0.7659574468085106,1.0,1.0
2017-03-03,0.7489878542510121,0.7632978723404256,1.0,1.0
2017-03-06,0.7678812415654521,0.7433510638297872,1.0,1.0
2017-03-07,0.7827260458839406,0.7127659574468085,1.0,1.0
2017-03-08,0.786774628879892,0.6821808510638298,1.0,1.0
2017-03-09,0.7948717948717948,0.6582446808510638,1.0,1.0
2017-03-10,0.8029689608636977,0.6728723404255319,1.0,1.0
2017-03-13,0.8245614035087719,0.6795212765957447,1.0,1.0
2017-03-14,0.8286099865047234,0.6529255319148937,1.0,1.0
2017-03-15,0.8097165991902834,0.7074468085106383,1.0,1.0
2017-03-16,0.8097165991902834,0.699468085106383,1.0,1.0
2017-03-17,0.8205128205128205,0.6875,1.0,1.0
2017-03-20,0.8475033738191633,0.6781914893617021,1.0,1.0
2017-03-21,0.8313090418353576,0.5279255319148937,1.0,1.0
2017-03-22,0.8502024291497976,0.5452127659574468,1.0,1.0
2017-03-23,0.8502024291497976,0.550531914893617,1.0,1.0
2017-03-24,0.8677462887989204,0.5438829787234043,1.0,1.0
2017-03-27,0.8798920377867746,0.523936170212766,1.0,1.0
2017-03-28,0.8771929824561403,0.5664893617021277,1.0,1.0
2017-03-29,0.8785425101214575,0.5771276595744681,1.0,1.0
2017-03-30,0.9095816464237517,0.5944148936170213,1.0,1.0
2017-03-31,0.9176788124156545,0.6037234042553191,1.0,1.0
2017-04-03,0.9190283400809717,0.5531914893617021,1.0,1.0
2017-04-04,0.9176788124156545,0.5518617021276596,1.0,1.0
2017-04-05,0.9203778677462888,0.5146276595744681,1.0,1.0
2017-04-06,0.9271255060728745,0.5678191489361702,1.0,1.0
2017-04-07,0.9284750337381916,0.5558510638297872,1.0,1.0
2017-04-10,0.9299191374663073,0.5638297872340425,1.0,1.0
2017-04-11,0.9231805929919138,0.5545212765957447,1.0,1.0
2017-04-12,0.9043126684636119,0.4860557768924303,1.0,1.0
2017-04-13,0.9110512129380054,0.4209827357237716,1.0,1.0
2017-04-17,0.889487870619946,0.5112881806108898,1.0,1.0
2017-04-18,0.889487870619946,0.48339973439575035,1.0,1.0
2017-04-19,0.8800539083557951,0.4860557768924303,1.0,1.0
2017-04-20,0.8977119784656796,0.5750332005312085,1.0,1.0
2017-04-21,0.8963660834454913,0.5312084993359893,1.0,1.0
2017-04-24,0.8640646029609691,0.6281540504648074,1.0,1.0
2017-04-25,0.8465679676985195,0.649402390438247,1.0,1.0
2017-04-26,0.8331090174966352,0.648074369189907,1.0,1.0
2017-04-27,0.8129205921938089,0.6547144754316069,1.0,1.0
2017-04-28,0.7819650067294751,0.6082337317397079,1.0,1.0
2017-05-01,0.7967698519515478,0.6055776892430279,1.0,1.0
2017-05-02,0.7644683714670256,0.6108897742363878,1.0,1.0
2017-05-03,0.7550471063257066,0.5590969455511288,1.0,1.0
2017-05-04,0.7402422611036339,0.5830013280212484,1.0,1.0
2017-05-05,0.730820995962315,0.6122177954847278,1.0,1.0
2017-05-08,0.7106325706594886,0.5883134130146083,1.0,1.0
2017-05-09,0.6783310901749664,0.5763612217795485,1.0,1.0
2017-05-10,0.6648721399730821,0.602921646746348,1.0,1.0
2017-05-11,0.6446837146702558,0.5888594164456233,1.0,1.0
2017-05-12,0.6662180349932705,0.5636604774535809,1.0,1.0
2017-05-15,0.6662180349932705,0.616710875331565,1.0,1.0
2017-05-16,0.6716016150740243,0.5822281167108754,1.0,1.0
2017-05-17,0.5773889636608345,0.4562334217506631,1.0,1.0
2017-05-18,0.5652759084791387,0.48143236074270557,1.0,1.0
2017-05-19,0.5800807537012113,0.5344827586206896,1.0,1.0
2017-05-22,0.5827725437415882,0.5755968169761273,1.0,1.0
2017-05-23,0.6069986541049798,0.5769230769230769,1.0,1.0
2017-05-24,0.6191117092866757,0.596816976127321,1.0,1.0
2017-05-25,0.6123822341857336,0.6140583554376657,1.0,1.0
2017-05-26,0.6446837146702558,0.6061007957559682,1.0,1.0
2017-05-30,0.6716016150740243,0.5941644562334217,1.0,1.0
2017-05-31,0.6729475100942126,0.596816976127321,1.0,1.0
2017-06-01,0.6756393001345895,0.6737400530503979,1.0,1.0
2017-06-02,0.6944818304172274,0.6830238726790451,1.0,1.0
2017-06-05,0.7240915208613729,0.6516556291390728,1.0,1.0
2017-06-06,0.7375504710632571,0.6291390728476821,1.0,1.0
2017-06-07,0.7362045760430687,0.6344370860927152,1.0,1.0
2017-06-08,0.7442799461641992,0.6622516556291391,1.0,1.0
2017-06-09,0.7119784656796769,0.6874172185430464,1.0,1.0
2017-06-12,0.7187079407806191,0.7072847682119205,1.0,1.0
2017-06-13,0.7119784656796769,0.7261904761904762,1.0,1.0
2017-06-14,0.7079407806191117,0.7063492063492064,1.0,1.0
2017-06-15,0.7119784656796769,0.701058201058201,1.0,1.0
2017-06-16,0.800807537012113,0.6825396825396826,1.0,1.0
2017-06-19,0.7927321668909825,0.7278731836195509,1.0,1.0
2017-06-20,0.7900403768506057,0.6605019815059445,1.0,1.0
2017-06-21,0.7779273216689099,0.6459709379128138,1.0,1.0
2017-06-22,0.7725437415881561,0.6420079260237781,1.0,1.0
2017-06-23,0.7688172043010753,0.6578599735799208,1.0,1.0
2017-06-26,0.782258064516129,0.6776750330250991,1.0,1.0
2017-06-27,0.75,0.6221928665785997,1.0,1.0
2017-06-28,0.7271505376344086,0.7001321003963011,1.0,1.0
2017-06-29,0.7002688172043011,0.6116248348745046,1.0,1.0
2017-06-30,0.717741935483871,0.6367239101717305,1.0,1.0
2017-07-03,0.7163978494623656,0.665785997357992,1.0,1.0
2017-07-05,0.7029569892473119,0.6380449141347424,1.0,1.0
2017-07-06,0.696236559139785,0.5389696169088507,1.0,1.0
2017-07-07,0.6908602150537635,0.6081794195250659,1.0,1.0
2017-07-10,0.6926174496644295,0.5889328063241107,1.0,1.0
2017-07-11,0.7543624161073825,0.6007905138339921,1.0,1.0
2017-07-12,0.7436241610738255,0.6679841897233202,1.0,1.0
2017-07-13,0.7516778523489933,0.6785243741765481,1.0,1.0
2017-07-14,0.7610738255033557,0.7180500658761528,1.0,1.0
2017-07-17,0.7583892617449665,0.7193675889328063,1.0,1.0
2017-07-18,0.7771812080536913,0.7048748353096179,1.0,1.0
2017-07-19,0.7734584450402144,0.758893280632411,1.0,1.0
2017-07-20,0.7801608579088471,0.7430830039525692,1.0,1.0
2017-07-21,0.7815013404825737,0.7299077733860343,1.0,1.0
2017-07-24,0.7804551539491299,0.7118421052631579,1.0,1.0
2017-07-25,0.7754010695187166,0.718421052631579,1.0,1.0
2017-07-26,0.7513368983957219,0.7026315789473684,1.0,1.0
2017-07-27,0.7272727272727273,0.6671052631578948,1.0,1.0
2017-07-28,0.7098930481283422,0.6421052631578947,1.0,1.0
2017-07-31,0.7192513368983957,0.6460526315789473,1.0,1.0
2017-08-01,0.7085561497326203,0.6421052631578947,1.0,1.0
2017-08-02,0.7018716577540107,0.6065789473684211,1.0,1.0
2017-08-03,0.6835781041388518,0.6,1.0,1.0
2017-08-04,0.6955941255006676,0.6228646517739816,1.0,1.0
2017-08-07,0.692,0.6307490144546649,1.0,1.0
2017-08-08,0.6933333333333334,0.5847568988173456,1.0,1.0
2017-08-09,0.6906666666666667,0.5703022339027596,1.0,1.0
2017-08-10,0.6666666666666666,0.4231274638633377,1.0,1.0
2017-08-11,0.6533333333333333,0.4283837056504599,1.0,1.0
2017-08-14,0.6306666666666667,0.5321944809461235,1.0,1.0
2017-08-15,0.616,0.519053876478318,1.0,1.0
2017-08-16,0.616,0.5387647831800263,1.0,1.0
2017-08-17,0.5973333333333334,0.4244415243101183,1.0,1.0
2017-08-18,0.6013333333333334,0.41392904073587383,1.0,1.0
2017-08-21,0.6133333333333333,0.4231274638633377,1.0,1.0
2017-08-22,0.592,0.4888304862023653,1.0,1.0
2017-08-23,0.5986666666666667,0.4730617608409987,1.0,1.0
2017-08-24,0.6133333333333333,0.46254927726675427,1.0,1.0
2017-08-25,0.6493333333333333,0.480946123521682,1.0,1.0
2017-08-28,0.6493333333333333,0.46780551905387646,1.0,1.0
2017-08-29,0.6617842876165113,0.4651773981603154,1.0,1.0
2017-08-30,0.6577896138482024,0.5032851511169514,1.0,1.0
2017-08-31,0.6671105193075899,0.5564304461942258,1.0,1.0
2017-09-01,0.6924101198402131,0.5984251968503937,1.0,1.0
2017-09-05,0.6830892143808256,0.5393700787401575,1.0,1.0
2017-09-06,0.681757656458056,0.562992125984252,0.0,1.0
2017-09-07,0.6697736351531292,0.5590551181102362,0.0,1.0
2017-09-08,0.6471371504660453,0.5669291338582677,0.0,1.0
2017-09-11,0.6897470039946738,0.6587926509186351,1.0,1.0
2017-09-12,0.6671105193075899,0.6640419947506562,1.0,1.0
2017-09-13,0.6764314247669774,0.653997378768021,1.0,1.0
2017-09-14,0.6804260985352862,0.6513761467889908,1.0,1.0
2017-09-15,0.6764314247669774,0.6618610747051114,1.0,1.0
2017-09-18,0.7243675099866844,0.6920052424639581,1.0,1.0
2017-09-19,0.7163781624500666,0.6920052424639581,1.0,1.0
2017-09-20,0.7057256990679095,0.6802096985583224,1.0,1.0
2017-09-21,0.7203728362183754,0.6592398427260813,1.0,1.0
2017-09-22,0.7230359520639148,0.6579292267365662,1.0,1.0
2017-09-25,0.6870838881491345,0.653997378768021,1.0,1.0
2017-09-26,0.6950732356857523,0.6474442988204456,1.0,1.0
2017-09-27,0.6555851063829787,0.6802096985583224,1.0,1.0
2017-09-28,0.6316489361702128,0.6788990825688074,1.0,1.0
2017-09-29,0.6542553191489362,0.6972477064220184,1.0,1.0
2017-10-02,0.648936170212766,0.7260812581913499,1.0,1.0
2017-10-03,0.636968085106383,0.7431192660550459,1.0,1.0
2017-10-04,0.6688829787234043,0.7640891218872871,1.0,1.0
2017-10-05,0.6808510638297872,0.7824377457404981,1.0,1.0
2017-10-06,0.711436170212766,0.7706422018348624,1.0,1.0
2017-10-09,0.7367021276595744,0.7522935779816514,1.0,1.0
2017-10-10,0.7539893617021277,0.7601572739187418,1.0,1.0
2017-10-11,0.7593085106382979,0.7640891218872871,1.0,1.0
2017-10-12,0.761968085106383,0.781127129750983,1.0,1.0
2017-10-13,0.7699468085106383,0.7745740498034076,1.0,1.0
2017-10-16,0.776595744680851,0.7562254259501966,1.0,1.0
2017-10-17,0.7845744680851063,0.7575360419397117,1.0,1.0
2017-10-18,0.788563829787234,0.762778505897772,1.0,1.0
2017-10-19,0.7845744680851063,0.7667103538663171,1.0,1.0
2017-10-20,0.7779255319148937,0.781127129750983,1.0,1.0
2017-10-23,0.7752659574468085,0.7588466579292268,1.0,1.0
2017-10-24,0.7779255319148937,0.7483617300131061,1.0,1.0
2017-10-25,0.7606382978723404,0.690694626474443,1.0,1.0
2017-10-26,0.7406914893617021,0.6880733944954128,1.0,1.0
2017-10-27,0.711436170212766,0.7208387942332897,1.0,1.0
2017-10-30,0.6781914893617021,0.690694626474443,1.0,1.0
2017-10-31,0.6702127659574468,0.7011795543905636,1.0,1.0
2017-11-01,0.6622340425531915,0.6920052424639581,1.0,1.0
2017-11-02,0.6143617021276596,0.6671035386631717,1.0,1.0
2017-11-03,0.589095744680851,0.6828309305373526,1.0,1.0
2017-11-06,0.5664893617021277,0.6880733944954128,1.0,1.0
2017-11-07,0.5465425531914894,0.6566186107470511,1.0,1.0
2017-11-08,0.5305851063829787,0.6553079947575361,1.0,1.0
2017-11-09,0.4973404255319149,0.6330275229357798,1.0,1.0
2017-11-10,0.4946808510638298,0.6277850589777195,1.0,1.0
2017-11-13,0.4800531914893617,0.6317169069462647,1.0,1.0
2017-11-14,0.46941489361702127,0.6212319790301442,1.0,1.0
2017-11-15,0.46215139442231074,0.5701179554390564,1.0,1.0
2017-11-16,0.42895086321381143,0.6107470511140236,1.0,1.0
2017-11-17,0.42895086321381143,0.6068152031454783,1.0,1.0
2017-11-20,0.4448871181938911,0.6238532110091743,1.0,1.0
2017-11-21,0.4409030544488712,0.6382699868938401,1.0,1.0
2017-11-22,0.4541832669322709,0.6395806028833552,1.0,1.0
2017-11-24,0.48871181938911024,0.6369593709043251,1.0,1.0
2017-11-27,0.5166002656042497,0.6317169069462647,1.0,1.0
2017-11-28,0.5232403718459495,0.7103538663171691,1.0,1.0
2017-11-29,0.4767596281540505,0.7185863874345549,1.0,1.0
2017-11-30,0.46613545816733065,0.7460732984293194,1.0,1.0
2017-12-01,0.4807436918990704,0.7460732984293194,1.0,0.0
2017-12-04,0.48738379814077026,0.693717277486911,1.0,0.0
2017-12-05,0.4900398406374502,0.6596858638743456,1.0,0.0
2017-12-06,0.5099601593625498,0.6335078534031413,1.0,0.0
2017-12-07,0.5338645418326693,0.6666666666666666,1.0,0.0
2017-12-08,0.5418326693227091,0.7023498694516971,1.0,0.0
2017-12-11,0.5644090305444888,0.720626631853786,1.0,0.0
2017-12-12,0.5551128818061088,0.7075718015665796,1.0,0.0
2017-12-13,0.5444887118193891,0.7023498694516971,1.0,0.0
2017-12-14,0.5503978779840849,0.6475195822454308,1.0,0.0
2017-12-15,0.53315649867374,0.7140992167101827,1.0,0.0
2017-12-18,0.5450928381962865,0.7545691906005222,1.0,1.0
2017-12-19,0.5265251989389921,0.7180156657963447,1.0,1.0
2017-12-20,0.519893899204244,0.7154046997389034,1.0,1.0
2017-12-21,0.5265251989389921,0.7140992167101827,1.0,1.0
2017-12-22,0.5371352785145889,0.7049608355091384,1.0,1.0
2017-12-26,0.5344827586206896,0.7088772845953003,1.0,1.0
2017-12-27,0.5503978779840849,0.7140992167101827,1.0,1.0
2017-12-28,0.5941644562334217,0.7323759791122716,1.0,1.0
2017-12-29,0.6618037135278515,0.7079530638852672,1.0,1.0
2018-01-02,0.6472148541114059,0.7457627118644068,1.0,1.0
2018-01-03,0.6551724137931034,0.7809647979139505,1.0,1.0
2018-01-04,0.7188328912466844,0.7783572359843546,1.0,1.0
2018-01-05,0.7281167108753316,0.8070404172099087,1.0,1.0
2018-01-08,0.7347480106100795,0.8018252933507171,1.0,1.0
2018-01-09,0.7218543046357616,0.8044328552803129,1.0,1.0
2018-01-10,0.7059602649006622,0.7744458930899609,1.0,1.0
2018-01-11,0.686092715231788,0.803129074315515,1.0,1.0
2018-01-12,0.6768211920529801,0.8096479791395046,1.0,1.0
2018-01-16,0.6516556291390728,0.7757496740547588,1.0,1.0
2018-01-17,0.6569536423841059,0.7992177314211213,1.0,1.0
2018-01-18,0.6785714285714286,0.8005215123859192,1.0,1.0
2018-01-19,0.6772486772486772,0.8200782268578879,1.0,1.0
2018-01-22,0.6851851851851852,0.834419817470665,1.0,1.0
2018-01-23,0.6825396825396826,0.847457627118644,1.0,1.0
2018-01-24,0.6803170409511229,0.834419817470665,1.0,1.0
2018-01-25,0.6605019815059445,0.8279009126466753,1.0,1.0
2018-01-26,0.6327608982826949,0.8357235984354628,1.0,1.0
2018-01-29,0.5865257595772787,0.8005215123859192,1.0,1.0
2018-01-30,0.5284015852047557,0.7614080834419817,1.0,1.0
2018-01-31,0.5006605019815059,0.7434895833333334,1.0,1.0
2018-02-01,0.5099075297225891,0.7317708333333334,1.0,1.0
2018-02-02,0.40554821664464996,0.59765625,1.0,1.0
2018-02-05,0.23645970937912814,0.2981770833333333,1.0,1.0
2018-02-06,0.21268163804491413,0.39453125,1.0,1.0
2018-02-07,0.2073976221928666,0.375,1.0,1.0
2018-02-08,0.14398943196829592,0.15494791666666666,1.0,1.0
2018-02-09,0.13210039630118892,0.19270833333333334,1.0,1.0
2018-02-12,0.1279683377308707,0.2708333333333333,1.0,0.0
2018-02-13,0.12384716732542819,0.2994791666666667,1.0,0.0
2018-02-14,0.12121212121212122,0.4309895833333333,1.0,0.0
2018-02-15,0.11725955204216074,0.4947916666666667,1.0,0.0
2018-02-16,0.11594202898550725,0.4986979166666667,1.0,0.0
2018-02-20,0.12648221343873517,0.4544270833333333,1.0,0.0
2018-02-21,0.1251646903820817,0.43302990897269183,1.0,0.0
2018-02-22,0.11989459815546773,0.42392717815344605,1.0,0.0
2018-02-23,0.11067193675889328,0.5149544863459038,1.0,0.0
2018-02-26,0.10935441370223979,0.5604681404421327,0.0,0.0
2018-02-27,0.1067193675889328,0.4694408322496749,0.0,0.0
2018-02-28,0.1,0.40312093628088425,0.0,0.0
2018-03-01,0.10263157894736842,0.33159947984395316,0.0,0.0
2018-03-02,0.09736842105263158,0.37971391417425226,0.0,0.0
2018-03-05,0.0868421052631579,0.4343302990897269,0.0,0.0
2018-03-06,0.11052631578947368,0.4720416124837451,0.0,0.0
2018-03-07,0.15,0.47334200260078024,0.0,0.0
2018-03-08,0.175,0.49154746423927176,0.0,0.0
2018-03-09,0.175,0.5786736020806242,0.0,0.0
2018-03-12,0.3263157894736842,0.5747724317295189,0.0,0.0
2018-03-13,0.3587385019710907,0.5461638491547465,0.0,0.0
2018-03-14,0.3771353482260184,0.5123537061118335,0.0,0.0
2018-03-15,0.3902759526938239,0.49934980494148246,0.0,0.0
2018-03-16,0.4612352168199737,0.538961038961039,0.0,0.0
2018-03-19,0.4730617608409987,0.4584415584415584,0.0,0.0
2018-03-20,0.480946123521682,0.4857142857142857,0.0,0.0
2018-03-21,0.47700394218134035,0.4831168831168831,0.0,0.0
2018-03-22,0.38896189224704336,0.3168831168831169,0.0,0.0
2018-03-23,0.354796320630749,0.23116883116883116,0.0,0.0
2018-03-26,0.3416557161629435,0.34415584415584416,0.0,0.0
2018-03-27,0.30223390275952694,0.274025974025974,0.0,0.0
2018-03-28,0.31274638633377133,0.2714285714285714,0.0,0.0
2018-03-29,0.3219448094612352,0.35064935064935066,0.0,0.0
2018-04-02,0.2864651773981603,0.22467532467532467,0.0,0.0
2018-04-03,0.2982917214191853,0.2844155844155844,0.0,0.0
2018-04-04,0.3061760840998686,0.36883116883116884,0.0,0.0
2018-04-05,0.31011826544021026,0.41688311688311686,0.0,0.0
2018-04-06,0.29172141918528255,0.2909090909090909,0.0,0.0
2018-04-09,0.30223390275952694,0.3155844155844156,0.0,0.0
2018-04-10,0.3005249343832021,0.42207792207792205,0.0,0.0
2018-04-11,0.3136482939632546,0.4077922077922078,0.0,0.0
2018-04-12,0.2952755905511811,0.43766233766233764,0.0,0.0
2018-04-13,0.2926509186351706,0.43116883116883115,0.0,0.0
2018-04-16,0.2769028871391076,0.5363636363636364,0.0,0.0
2018-04-17,0.2637795275590551,0.612987012987013,0.0,0.0
2018-04-18,0.2742782152230971,0.6324675324675325,0.0,0.0
2018-04-19,0.2755905511811024,0.5675324675324676,0.0,0.0
2018-04-20,0.2595019659239843,0.525974025974026,0.0,0.0
2018-04-23,0.3119266055045872,0.525974025974026,0.0,0.0
2018-04-24,0.34993446920052423,0.43896103896103894,0.0,0.0
2018-04-25,0.4167758846657929,0.44025974025974024,0.0,0.0
2018-04-26,0.436435124508519,0.4935064935064935,0.0,0.0
2018-04-27,0.4259501965923984,0.5051948051948052,0.0,0.0
2018-04-30,0.44036697247706424,0.4623376623376623,0.0,0.0
2018-05-01,0.5190039318479686,0.4714285714285714,0.0,0.0
2018-05-02,0.49934469200524245,0.42467532467532465,0.0,0.0
2018-05-03,0.49934469200524245,0.412987012987013,0.0,0.0
2018-05-04,0.4692005242463958,0.5,0.0,0.0
2018-05-07,0.5491480996068152,0.522077922077922,0.0,0.0
2018-05-08,0.5255570117955439,0.522077922077922,0.0,0.0
2018-05-09,0.54521625163827,0.5636363636363636,0.0,0.0
2018-05-10,0.5307994757536042,0.6350649350649351,1.0,0.0
2018-05-11,0.5412844036697247,0.6363636363636364,1.0,0.0
2018-05-14,0.5360419397116645,0.6363636363636364,1.0,0.0
2018-05-15,0.5491480996068152,0.5792207792207792,1.0,0.0
2018-05-16,0.5727391874180865,0.6116883116883117,1.0,0.0
2018-05-17,0.5792922673656619,0.6103896103896104,1.0,0.0
2018-05-18,0.5923984272608126,0.6116883116883117,1.0,0.0
2018-05-21,0.6094364351245085,0.6623376623376623,1.0,0.0
2018-05-22,0.5871559633027523,0.6454545454545455,1.0,1.0
2018-05-23,0.6317169069462647,0.6506493506493507,1.0,1.0
2018-05-24,0.6474442988204456,0.6480519480519481,1.0,1.0
2018-05-25,0.6946264744429882,0.6355382619974059,1.0,1.0
2018-05-29,0.6880733944954128,0.5771725032425421,1.0,1.0
2018-05-30,0.6710353866317169,0.6640726329442282,1.0,1.0
2018-05-31,0.6605504587155964,0.5953307392996109,1.0,1.0
2018-06-01,0.6815203145478375,0.648508430609598,1.0,1.0
2018-06-04,0.7064220183486238,0.6502590673575129,1.0,1.0
2018-06-05,0.7418086500655308,0.6619170984455959,1.0,1.0
2018-06-06,0.7221494102228048,0.7033678756476683,1.0,1.0
2018-06-07,0.7378768020969856,0.7124352331606217,1.0,1.0
2018-06-08,0.7745740498034076,0.7370466321243523,1.0,1.0
2018-06-11,0.781127129750983,0.75,1.0,1.0
2018-06-12,0.783748361730013,0.7629533678756477,1.0,1.0
2018-06-13,0.7758846657929227,0.7150259067357513,1.0,1.0
2018-06-14,0.783748361730013,0.7357512953367875,1.0,1.0
2018-06-15,0.7758846657929227,0.716321243523316,1.0,1.0
2018-06-18,0.7719528178243774,0.7046632124352331,1.0,1.0
2018-06-19,0.7706422018348624,0.6839378238341969,1.0,1.0
2018-06-20,0.7680209698558322,0.689119170984456,1.0,1.0
2018-06-21,0.7601572739187418,0.6282383419689119,1.0,1.0
2018-06-22,0.7431192660550459,0.6489637305699482,1.0,1.0
2018-06-25,0.6985583224115334,0.5479274611398963,1.0,1.0
2018-06-26,0.7038007863695938,0.5686528497409327,1.0,1.0
2018-06-27,0.7169069462647444,0.4948186528497409,1.0,1.0
2018-06-28,0.7391874180865007,0.5246113989637305,1.0,1.0
2018-06-29,0.7549148099606815,0.5375647668393783,1.0,1.0
2018-07-02,0.7680209698558322,0.5349740932642487,1.0,1.0
2018-07-03,0.7798165137614679,0.5375647668393783,1.0,1.0
2018-07-05,0.7719528178243774,0.5821474773609314,1.0,1.0
2018-07-06,0.8020969855832241,0.6188630490956072,1.0,1.0
2018-07-09,0.7971204188481675,0.6980645161290323,1.0,1.0
2018-07-10,0.7931937172774869,0.7135483870967742,1.0,1.0
2018-07-11,0.7879581151832461,0.6270967741935484,1.0,1.0
2018-07-12,0.7787958115183246,0.672258064516129,1.0,1.0
2018-07-13,0.8036649214659686,0.6825806451612904,1.0,1.0
2018-07-16,0.7971204188481675,0.6387096774193548,1.0,1.0
2018-07-17,0.8013071895424837,0.6670967741935484,1.0,1.0
2018-07-18,0.7911227154046997,0.6941935483870968,1.0,1.0
2018-07-19,0.7898172323759791,0.6929032258064516,1.0,1.0
2018-07-20,0.7898172323759791,0.6623711340206185,1.0,1.0
2018-07-23,0.7989556135770235,0.654639175257732,1.0,1.0
2018-07-24,0.7963446475195822,0.6404639175257731,1.0,1.0
2018-07-25,0.8237597911227154,0.6701030927835051,1.0,1.0
2018-07-26,0.7819843342036553,0.711340206185567,1.0,1.0
2018-07-27,0.758485639686684,0.6198453608247423,1.0,1.0
2018-07-30,0.7284595300261096,0.5579896907216495,1.0,1.0
2018-07-31,0.695822454308094,0.6018041237113402,1.0,1.0
2018-08-01,0.6788511749347258,0.5760309278350515,1.0,1.0
2018-08-02,0.6462140992167101,0.6030927835051546,1.0,1.0
2018-08-03,0.6344647519582245,0.6113256113256114,1.0,1.0
2018-08-06,0.6305483028720626,0.6499356499356499,1.0,1.0
2018-08-07,0.6505867014341591,0.6821106821106822,1.0,1.0
2018-08-08,0.6401564537157758,0.6615186615186616,1.0,1.0
2018-08-09,0.6427640156453716,0.6628056628056628,1.0,1.0
2018-08-10,0.6375488917861799,0.6074646074646075,1.0,1.0
2018-08-13,0.6336375488917861,0.5727155727155727,1.0,1.0
2018-08-14,0.6388526727509778,0.6164736164736164,1.0,1.0
2018-08-15,0.6179921773142112,0.5624195624195624,1.0,1.0
2018-08-16,0.6192959582790091,0.6048906048906049,1.0,1.0
2018-08-17,0.6258148631029987,0.6241956241956242,1.0,1.0
2018-08-20,0.6323337679269883,0.6529562982005142,1.0,1.0
2018-08-21,0.6192959582790091,0.6940874035989717,1.0,1.0
2018-08-22,0.6310299869621904,0.6979434447300771,1.0,1.0
2018-08-23,0.6649282920469362,0.6670951156812339,1.0,1.0
2018-08-24,0.6975228161668839,0.693196405648267,1.0,1.0
2018-08-27,0.7379400260756193,0.7317073170731707,1.0,1.0
2018-08-28,0.771838331160365,0.7227214377406932,1.0,1.0
2018-08-29,0.7900912646675359,0.748395378690629,1.0,1.0
2018-08-30,0.8044328552803129,0.6944801026957638,1.0,1.0
2018-08-31,0.834419817470665,0.7008985879332478,1.0,1.0
2018-09-04,0.8435462842242504,0.6790757381258024,1.0,1.0
2018-09-05,0.8422425032594524,0.675224646983312,1.0,1.0
2018-09-06,0.8489583333333334,0.6495507060333762,1.0,1.0
2018-09-07,0.8528645833333334,0.6174582798459564,1.0,1.0
2018-09-10,0.85546875,0.6354300385109114,1.0,1.0
2018-09-11,0.859375,0.6367137355584083,1.0,1.0
2018-09-12,0.8645833333333334,0.6431322207958922,1.0,1.0
2018-09-13,0.8684895833333334,0.6546854942233633,1.0,1.0
2018-09-14,0.890625,0.6611039794608472,1.0,1.0
2018-09-17,0.87890625,0.6495507060333762,1.0,1.0
2018-09-18,0.8736979166666666,0.6559691912708601,1.0,1.0
2018-09-19,0.8697916666666666,0.6341463414634146,1.0,1.0
2018-09-20,0.87109375,0.6777920410783055,1.0,1.0
2018-09-21,0.8658854166666666,0.6700898587933247,1.0,1.0
2018-09-24,0.8606770833333334,0.6059050064184852,1.0,1.0
2018-09-25,0.8606770833333334,0.5815147625160462,1.0,1.0
2018-09-26,0.8556566970091027,0.5391527599486521,1.0,1.0
2018-09-27,0.8543563068920677,0.5333333333333333,1.0,1.0
2018-09-28,0.8400520156046815,0.5346153846153846,1.0,1.0
2018-10-01,0.8387516254876463,0.532051282051282,1.0,1.0
2018-10-02,0.8335500650195059,0.5230769230769231,1.0,1.0
2018-10-03,0.8296488946684005,0.5089743589743589,1.0,1.0
2018-10-04,0.8387516254876463,0.45256410256410257,1.0,1.0
2018-10-05,0.8374512353706112,0.41794871794871796,1.0,1.0
2018-10-08,0.8205461638491548,0.4076923076923077,1.0,1.0
2018-10-09,0.8283485045513654,0.391025641025641,1.0,1.0
2018-10-10,0.7035110533159948,0.17692307692307693,1.0,1.0
2018-10-11,0.599479843953186,0.08846153846153847,1.0,1.0
2018-10-12,0.5669700910273082,0.12564102564102564,0.0,1.0
2018-10-15,0.5786736020806242,0.13205128205128205,0.0,1.0
2018-10-16,0.47854356306892065,0.23846153846153847,0.0,1.0
2018-10-17,0.47724317295188556,0.22435897435897437,0.0,1.0
2018-10-18,0.4811443433029909,0.18205128205128204,0.0,1.0
2018-10-19,0.487012987012987,0.18461538461538463,0.0,1.0
2018-10-22,0.4688311688311688,0.1641025641025641,0.0,1.0
2018-10-23,0.43376623376623374,0.14743589743589744,0.0,1.0
2018-10-24,0.3077922077922078,0.1076923076923077,0.0,1.0
2018-10-25,0.24935064935064935,0.1358974358974359,0.0,1.0
2018-10-26,0.22077922077922077,0.0858974358974359,0.0,1.0
2018-10-29,0.2077922077922078,0.12051282051282051,0.0,1.0
2018-10-30,0.15454545454545454,0.16794871794871793,0.0,1.0
2018-10-31,0.13116883116883116,0.17307692307692307,0.0,1.0
2018-11-01,0.1012987012987013,0.23333333333333334,0.0,0.0
2018-11-02,0.0987012987012987,0.2230769230769231,0.0,0.0
2018-11-05,0.09220779220779221,0.25769230769230766,0.0,0.0
2018-11-06,0.08571428571428572,0.3141025641025641,0.0,0.0
2018-11-07,0.07792207792207792,0.44743589743589746,0.0,0.0
2018-11-08,0.10909090909090909,0.43974358974358974,0.0,0.0
2018-11-09,0.13246753246753246,0.4025641025641026,0.0,0.0
2018-11-12,0.11168831168831168,0.3153846153846154,0.0,0.0
2018-11-13,0.10779220779220779,0.33205128205128204,0.0,0.0
2018-11-14,0.13116883116883116,0.29743589743589743,0.0,0.0
2018-11-15,0.12077922077922078,0.3346153846153846,0.0,0.0
2018-11-16,0.11688311688311688,0.36666666666666664,0.0,0.0
2018-11-19,0.10519480519480519,0.30641025641025643,0.0,0.0
2018-11-20,0.09610389610389611,0.24102564102564103,0.0,0.0
2018-11-21,0.09480519480519481,0.26153846153846155,0.0,0.0
2018-11-23,0.15844155844155844,0.2705128205128205,0.0,0.0
2018-11-26,0.18831168831168832,0.3346153846153846,0.0,0.0
2018-11-27,0.21558441558441557,0.3384615384615385,0.0,0.0
2018-11-28,0.22597402597402597,0.47307692307692306,0.0,0.0
2018-11-29,0.2714285714285714,0.471190781049936,0.0,0.0
2018-11-30,0.3142857142857143,0.5364916773367477,0.0,0.0
2018-12-03,0.35194805194805195,0.6069142125480154,0.0,0.0
2018-12-04,0.24545454545454545,0.3879641485275288,0.0,0.0
2018-12-06,0.23896103896103896,0.4007682458386684,0.0,0.0
2018-12-07,0.21948051948051947,0.26632522407170295,0.0,0.0
2018-12-10,0.2584415584415584,0.2740076824583867,0.0,0.0
2018-12-11,0.2753246753246753,0.28681177976952626,0.0,0.0
2018-12-12,0.2623376623376623,0.33290653008962867,0.0,0.0
2018-12-13,0.2597402597402597,0.3085787451984635,0.0,0.0
2018-12-14,0.23896103896103896,0.2442455242966752,0.0,0.0
2018-12-17,0.19480519480519481,0.1532567049808429,0.0,0.0
2018-12-18,0.21168831168831168,0.14559386973180077,0.0,0.0
2018-12-19,0.2051948051948052,0.12260536398467432,0.0,0.0
2018-12-20,0.22987012987012986,0.07535121328224777,0.0,0.0
2018-12-21,0.21298701298701297,0.05108556832694764,0.0,0.0
2018-12-24,0.2025974025974026,0.011479591836734694,0.0,0.0
2018-12-26,0.07792207792207792,0.06505102040816327,0.0,0.0
2018-12-27,0.08701298701298701,0.09056122448979592,0.0,0.0
2018-12-28,0.09220779220779221,0.08928571428571429,0.0,0.0
2018-12-31,0.11038961038961038,0.12627551020408162,0.0,0.0
2019-01-02,0.10116731517509728,0.09693877551020408,0.0,0.0
2019-01-03,0.09987029831387809,0.0548469387755102,0.0,0.0
2019-01-04,0.06744487678339818,0.16198979591836735,0.0,0.0
2019-01-07,0.07911802853437094,0.2385204081632653,0.0,0.0
2019-01-08,0.08041504539559015,0.3048469387755102,0.0,0.0
2019-01-09,0.09196891191709844,0.35586734693877553,0.0,0.0
2019-01-10,0.08678756476683938,0.43494897959183676,0.0,0.0
2019-01-11,0.08419689119170984,0.43494897959183676,0.0,0.0
2019-01-14,0.09067357512953368,0.39490445859872614,0.0,0.0
2019-01-15,0.09585492227979274,0.46496815286624205,0.0,0.0
2019-01-16,0.10362694300518134,0.4980891719745223,0.0,0.0
2019-01-17,0.12823834196891193,0.5834394904458599,0.0,0.0
2019-01-18,0.12305699481865284,0.7222929936305732,0.0,0.0
2019-01-22,0.12564766839378239,0.6089171974522293,0.0,0.0
2019-01-23,0.15025906735751296,0.6267515923566879,0.0,0.0
2019-01-24,0.2266839378238342,0.6700636942675159,0.0,0.0
2019-01-25,0.32642487046632124,0.7541401273885351,0.0,0.0
2019-01-28,0.5803108808290155,0.732484076433121,0.0,0.0
2019-01-29,0.5647668393782384,0.7375796178343949,0.0,0.0
2019-01-30,0.5466321243523317,0.8038216560509555,0.0,0.0
2019-01-31,0.5194300518134715,0.8394904458598726,1.0,0.0
2019-02-01,0.5479274611398963,0.8496815286624204,1.0,0.0
2019-02-04,0.6658031088082902,0.8764331210191083,1.0,0.0
2019-02-05,0.7668393782383419,0.8828025477707007,1.0,0.0
2019-02-06,0.7759067357512953,0.8611464968152867,1.0,0.0
2019-02-07,0.7629533678756477,0.824203821656051,1.0,0.0
2019-02-08,0.7616580310880829,0.8152866242038217,1.0,0.0
2019-02-11,0.7658473479948253,0.8229299363057325,1.0,0.0
2019-02-12,0.7571059431524548,0.870063694267516,1.0,0.0
2019-02-13,0.7548387096774194,0.8815286624203822,1.0,0.0
2019-02-14,0.7458064516129033,0.8764331210191083,1.0,1.0
2019-02-15,0.7380645161290322,0.9057324840764331,1.0,1.0
2019-02-19,0.7354838709677419,0.913375796178344,1.0,1.0
2019-02-20,0.7367741935483871,0.910941475826972,1.0,1.0
2019-02-21,0.7574193548387097,0.8956743002544529,1.0,1.0
2019-02-22,0.7496774193548387,0.910941475826972,1.0,1.0
2019-02-25,0.7690322580645161,0.9033078880407125,1.0,1.0
2019-02-26,0.7780645161290323,0.9033078880407125,1.0,1.0
2019-02-27,0.7783505154639175,0.9122137404580153,1.0,1.0
2019-02-28,0.7873711340206185,0.8982188295165394,1.0,1.0
2019-03-01,0.7822164948453608,0.8982188295165394,1.0,1.0
2019-03-04,0.7860824742268041,0.8804071246819338,1.0,1.0
2019-03-05,0.7925257731958762,0.8689567430025446,1.0,1.0
2019-03-06,0.7860824742268041,0.8244274809160306,1.0,1.0
2019-03-07,0.788659793814433,0.7888040712468194,1.0,1.0
2019-03-08,0.7963917525773195,0.7442748091603053,1.0,1.0
2019-03-11,0.8234536082474226,0.8129770992366412,1.0,1.0
2019-03-12,0.8260309278350515,0.8129770992366412,1.0,1.0
2019-03-13,0.8301158301158301,0.8256997455470738,1.0,1.0
2019-03-14,0.8352638352638353,0.7938931297709924,1.0,1.0
2019-03-15,0.8455598455598455,0.7938931297709924,1.0,1.0
2019-03-18,0.8507078507078507,0.8040712468193384,1.0,1.0
2019-03-19,0.8584298584298584,0.7888040712468194,1.0,1.0
2019-03-20,0.8481338481338482,0.7290076335877863,1.0,1.0
2019-03-21,0.8404118404118404,0.7684478371501272,1.0,1.0
2019-03-22,0.8095238095238095,0.6374045801526718,1.0,1.0
2019-03-25,0.8275418275418276,0.628498727735369,1.0,1.0
2019-03-26,0.8223938223938224,0.6679389312977099,1.0,1.0
2019-03-27,0.8288288288288288,0.638676844783715,1.0,1.0
2019-03-28,0.8406169665809768,0.6641221374045801,1.0,1.0
2019-03-29,0.8457583547557841,0.7048346055979644,1.0,1.0
2019-04-01,0.8406169665809768,0.767175572519084,1.0,1.0
2019-04-02,0.8534704370179949,0.7595419847328244,1.0,1.0
2019-04-03,0.858793324775353,0.7646310432569975,1.0,1.0
2019-04-04,0.865211810012837,0.7709923664122137,1.0,1.0
2019-04-05,0.8664955070603337,0.8040712468193384,1.0,1.0
2019-04-08,0.8844672657252889,0.7951653944020356,1.0,1.0
2019-04-09,0.8780487804878049,0.7404580152671756,1.0,1.0
2019-04-10,0.8818998716302953,0.7760814249363868,1.0,1.0
2019-04-11,0.8793324775353016,0.7824427480916031,1.0,1.0
2019-04-12,0.865211810012837,0.806861499364676,1.0,1.0
2019-04-15,0.8613607188703466,0.7763659466327827,1.0,1.0
2019-04-16,0.8549422336328626,0.7420584498094028,1.0,1.0
2019-04-17,0.8369704749679076,0.6785260482846251,1.0,1.0
2019-04-18,0.834403080872914,0.6785260482846251,1.0,1.0
2019-04-22,0.8395378690629012,0.6607369758576874,1.0,1.0
2019-04-23,0.8857509627727856,0.7268106734434562,1.0,1.0
2019-04-24,0.8703465982028241,0.7242693773824651,1.0,1.0
2019-04-25,0.8562259306803595,0.6963151207115629,1.0,1.0
2019-04-26,0.8472400513478819,0.7179161372299873,1.0,1.0
2019-04-29,0.8433889602053916,0.7001270648030495,1.0,1.0
2019-04-30,0.82798459563543,0.7064803049555273,1.0,1.0
2019-05-01,0.82798459563543,0.6454891994917408,1.0,1.0
2019-05-02,0.8087291399229781,0.650571791613723,1.0,1.0
2019-05-03,0.7907573812580231,0.7128335451080051,1.0,1.0
2019-05-06,0.79204107830552,0.6836086404066074,1.0,1.0
2019-05-07,0.7602564102564102,0.5514612452350699,1.0,1.0
2019-05-08,0.7487179487179487,0.5438373570520966,1.0,1.0
2019-05-09,0.7435897435897436,0.5222363405336722,1.0,1.0
2019-05-10,0.7384615384615385,0.5641677255400254,1.0,1.0
2019-05-13,0.6705128205128205,0.38246505717916135,1.0,1.0
2019-05-14,0.6807692307692308,0.45870393900889456,1.0,1.0
2019-05-15,0.6692307692307692,0.4764930114358323,1.0,1.0
2019-05-16,0.7051282051282052,0.5400254129606099,1.0,1.0
2019-05-17,0.7256410256410256,0.49428208386277,1.0,1.0
2019-05-20,0.7230769230769231,0.4332909783989835,1.0,1.0
2019-05-21,0.7038461538461539,0.5095298602287166,1.0,1.0
2019-05-22,0.7307692307692307,0.4847715736040609,1.0,1.0
2019-05-23,0.7141025641025641,0.41116751269035534,1.0,1.0
2019-05-24,0.732051282051282,0.43274111675126903,1.0,1.0
2019-05-28,0.7269230769230769,0.3769035532994924,1.0,1.0
2019-05-29,0.717948717948718,0.33248730964467005,1.0,1.0
2019-05-30,0.7346153846153847,0.34517766497461927,1.0,1.0
2019-05-31,0.7243589743589743,0.3105196451204056,0.0,1.0
2019-06-03,0.7102564102564103,0.2991128010139417,0.0,1.0
2019-06-04,0.632051282051282,0.394169835234474,0.0,1.0
2019-06-05,0.6038461538461538,0.4600760456273764,0.0,1.0
2019-06-06,0.6358974358974359,0.4892268694550063,0.0,1.0
2019-06-07,0.6397435897435897,0.5171102661596958,0.0,1.0
2019-06-10,0.6397435897435897,0.5417721518987342,0.0,1.0
2019-06-11,0.6512820512820513,0.5367088607594936,0.0,1.0
2019-06-12,0.7705128205128206,0.5132743362831859,0.0,1.0
2019-06-13,0.7782051282051282,0.5701643489254109,0.0,1.0
2019-06-14,0.7743589743589744,0.5353535353535354,0.0,1.0
2019-06-17,0.7794871794871795,0.5277777777777778,0.0,1.0
2019-06-18,0.767948717948718,0.5959595959595959,0.0,1.0
2019-06-19,0.7807692307692308,0.6111111111111112,0.0,1.0
2019-06-20,0.7858974358974359,0.6641414141414141,0.0,1.0
2019-06-21,0.7961538461538461,0.6540404040404041,0.0,1.0
2019-06-24,0.8346153846153846,0.6111111111111112,0.0,1.0
2019-06-25,0.8192307692307692,0.5795454545454546,0.0,1.0
2019-06-26,0.7961538461538461,0.5656565656565656,1.0,1.0
2019-06-27,0.808974358974359,0.6275252525252525,1.0,1.0
2019-06-28,0.808974358974359,0.6964735516372796,1.0,1.0
2019-07-01,0.8602564102564103,0.739294710327456,1.0,1.0
2019-07-02,0.8717948717948718,0.7241813602015114,1.0,1.0
2019-07-03,0.8923076923076924,0.7909319899244333,1.0,1.0
2019-07-05,0.9307692307692308,0.7821158690176322,1.0,1.0
2019-07-08,0.9307692307692308,0.7405541561712846,1.0,1.0
2019-07-09,0.9294871794871795,0.7506297229219143,1.0,1.0
2019-07-10,0.9308578745198464,0.760705289672544,1.0,1.0
2019-07-11,0.9257362355953905,0.7594458438287154,1.0,1.0
2019-07-12,0.9193341869398207,0.8025157232704403,1.0,1.0
2019-07-15,0.9257362355953905,0.8037735849056604,1.0,1.0
2019-07-16,0.9231754161331626,0.7836477987421384,1.0,1.0
2019-07-17,0.9154929577464789,0.7383647798742138,1.0,1.0
2019-07-18,0.9142125480153649,0.759748427672956,1.0,1.0
2019-07-19,0.9039692701664532,0.7320754716981132,1.0,1.0
2019-07-22,0.912932138284251,0.7164366373902133,1.0,1.0
2019-07-23,0.8988476312419974,0.7565872020075283,1.0,1.0
2019-07-24,0.8721227621483376,0.7879548306148055,1.0,1.0
2019-07-25,0.8697318007662835,0.7465495608531995,1.0,1.0
2019-07-26,0.8697318007662835,0.7628607277289837,1.0,1.0
2019-07-29,0.8684546615581098,0.7393483709273183,1.0,1.0
2019-07-30,0.8416347381864623,0.7431077694235589,1.0,1.0
2019-07-31,0.8212005108556832,0.6766917293233082,1.0,1.0
2019-08-01,0.7767857142857143,0.5764411027568922,1.0,1.0
2019-08-02,0.7487244897959183,0.4974937343358396,1.0,1.0
2019-08-05,0.6632653061224489,0.29448621553884713,1.0,1.0
2019-08-06,0.6173469387755102,0.38095238095238093,1.0,1.0
2019-08-07,0.5905612244897959,0.40726817042606517,1.0,1.0
2019-08-08,0.5114795918367347,0.5263157894736842,1.0,1.0
2019-08-09,0.5076530612244898,0.45363408521303256,1.0,1.0
2019-08-12,0.4872448979591837,0.39424280350438046,1.0,1.0
2019-08-13,0.4375,0.44180225281602004,1.0,1.0
2019-08-14,0.3596938775510204,0.29662077596996245,1.0,1.0
2019-08-15,0.3405612244897959,0.311639549436796,1.0,1.0
2019-08-16,0.30357142857142855,0.38423028785982477,1.0,1.0
2019-08-19,0.30357142857142855,0.4455569461827284,1.0,1.0
2019-08-20,0.2968152866242038,0.415,1.0,1.0
2019-08-21,0.310828025477707,0.44069912609238454,1.0,1.0
2019-08-22,0.33503184713375794,0.4469413233458177,0.0,1.0
2019-08-23,0.30318471337579617,0.3229426433915212,0.0,1.0
2019-08-26,0.31210191082802546,0.36783042394014964,0.0,1.0
2019-08-27,0.30445859872611464,0.3478802992518703,0.0,0.0
2019-08-28,0.32229299363057323,0.3690773067331671,0.0,0.0
2019-08-29,0.3070063694267516,0.4389027431421446,0.0,0.0
2019-08-30,0.3490445859872611,0.4476309226932668,0.0,0.0
2019-09-03,0.3503184713375796,0.3940149625935162,0.0,0.0
2019-09-04,0.4535031847133758,0.4538653366583541,0.0,0.0
2019-09-05,0.4280254777070064,0.5374064837905237,0.0,0.0
2019-09-06,0.445859872611465,0.543640897755611,0.0,0.0
2019-09-09,0.4356687898089172,0.5523690773067331,0.0,0.0
2019-09-10,0.4140127388535032,0.5773067331670823,0.0,0.0
2019-09-11,0.43312101910828027,0.6271820448877805,0.0,0.0
2019-09-12,0.4407643312101911,0.6321695760598504,0.0,0.0
2019-09-13,0.6,0.6309226932668329,0.0,0.0
2019-09-16,0.5885350318471337,0.655860349127182,0.0,0.0
2019-09-17,0.575796178343949,0.6882793017456359,0.0,0.0
2019-09-18,0.5885350318471337,0.6845386533665836,1.0,0.0
2019-09-19,0.6050955414012739,0.669576059850374,1.0,0.0
2019-09-20,0.6050955414012739,0.6521197007481296,1.0,0.0
2019-09-23,0.5796178343949044,0.6483790523690773,1.0,0.0
2019-09-24,0.6764331210191082,0.5673316708229427,1.0,0.0
2019-09-25,0.678117048346056,0.6097256857855362,1.0,0.0
2019-09-26,0.6793893129770993,0.5935162094763092,1.0,1.0
2019-09-27,0.6730279898218829,0.5498753117206983,1.0,1.0
2019-09-30,0.6959287531806616,0.5860349127182045,1.0,1.0
2019-10-01,0.6437659033078881,0.4251870324189526,1.0,1.0
2019-10-02,0.6310432569974554,0.30174563591022446,1.0,1.0
2019-10-03,0.6221374045801527,0.35037406483790523,1.0,1.0
2019-10-04,0.6653944020356234,0.46384039900249374,1.0,1.0
2019-10-07,0.6755725190839694,0.43017456359102246,1.0,1.0
2019-10-08,0.7073791348600509,0.300498753117207,1.0,1.0
2019-10-09,0.7659033078880407,0.3553615960099751,1.0,1.0
2019-10-10,0.772264631043257,0.41967621419676215,1.0,1.0
2019-10-11,0.6819338422391857,0.5454545454545454,1.0,1.0
2019-10-14,0.7099236641221374,0.5280199252801993,1.0,1.0
2019-10-15,0.7404580152671756,0.5828144458281445,1.0,1.0
2019-10-16,0.7569974554707379,0.5603985056039851,1.0,1.0
2019-10-17,0.7315521628498728,0.5990037359900373,1.0,1.0
2019-10-18,0.7086513994910941,0.5740971357409713,1.0,1.0
2019-10-21,0.6806615776081425,0.6077210460772104,1.0,1.0
2019-10-22,0.628498727735369,0.5877957658779577,1.0,1.0
2019-10-23,0.6361323155216285,0.6027397260273972,1.0,1.0
2019-10-24,0.5966921119592875,0.6039850560398505,1.0,1.0
2019-10-25,0.5687022900763359,0.6114570361145704,1.0,1.0
2019-10-28,0.5776081424936387,0.6151930261519303,1.0,1.0
2019-10-29,0.55470737913486,0.6288916562889165,1.0,1.0
2019-10-30,0.583969465648855,0.660024906600249,1.0,1.0
2019-10-31,0.6272264631043257,0.6127023661270237,1.0,1.0
2019-11-01,0.5877862595419847,0.6575342465753424,1.0,1.0
2019-11-04,0.5750636132315522,0.6787048567870486,1.0,1.0
2019-11-05,0.5483460559796438,0.6537982565379825,1.0,1.0
2019-11-06,0.5826972010178118,0.6550435865504358,1.0,1.0
2019-11-07,0.549618320610687,0.6413449564134496,1.0,1.0
2019-11-08,0.544529262086514,0.6500622665006227,1.0,1.0
2019-11-11,0.5648854961832062,0.6475716064757161,1.0,1.0
2019-11-12,0.5534351145038168,0.6413449564134496,1.0,1.0
2019-11-13,0.544529262086514,0.6488169364881694,1.0,1.0
2019-11-14,0.5470737913486005,0.6587795765877957,1.0,1.0
2019-11-15,0.554002541296061,0.701120797011208,1.0,1.0
2019-11-18,0.5590851334180432,0.6787048567870486,1.0,1.0
2019-11-19,0.5692503176620076,0.6749688667496887,1.0,1.0
2019-11-20,0.602287166454892,0.6716417910447762,1.0,1.0
2019-11-21,0.6162642947903431,0.6372670807453417,1.0,1.0
2019-11-22,0.6353240152477764,0.6583850931677019,1.0,1.0
2019-11-25,0.6454891994917408,0.6968944099378882,1.0,1.0
2019-11-26,0.6353240152477764,0.7118012422360248,1.0,1.0
2019-11-27,0.6543837357052097,0.7431761786600496,1.0,1.0
2019-11-29,0.6925031766200762,0.7183622828784119,1.0,1.0
2019-12-02,0.7090216010165185,0.6625310173697271,1.0,1.0
2019-12-03,0.7433290978398983,0.6191066997518611,1.0,1.0
2019-12-04,0.7827191867852605,0.6637717121588089,1.0,1.0
2019-12-05,0.8094027954256671,0.6666666666666666,1.0,1.0
2019-12-06,0.8195679796696315,0.7100371747211895,1.0,1.0
2019-12-09,0.8526048284625158,0.6852540272614622,1.0,1.0
2019-12-10,0.866581956797967,0.6790582403965304,1.0,1.0
2019-12-11,0.8691232528589581,0.677819083023544,1.0,1.0
2019-12-12,0.8564167725540025,0.7125154894671624,1.0,1.0
2019-12-13,0.855146124523507,0.7075588599752168,1.0,1.0
2019-12-16,0.8462515883100381,0.7360594795539034,1.0,1.0
2019-12-17,0.8500635324015248,0.7447335811648079,1.0,1.0
2019-12-18,0.8500635324015248,0.7410161090458488,1.0,1.0
2019-12-19,0.8513341804320204,0.758364312267658,1.0,1.0
2019-12-20,0.8513341804320204,0.79182156133829,1.0,1.0
2019-12-23,0.8564167725540025,0.7769516728624535,1.0,1.0
2019-12-24,0.8640406607369758,0.7757125154894672,1.0,1.0
2019-12-26,0.8743654822335025,0.7893432465923172,1.0,1.0
2019-12-27,0.8959390862944162,0.7732342007434945,1.0,1.0
2019-12-30,0.8959390862944162,0.7496902106567535,1.0,1.0
2019-12-31,0.8921319796954315,0.7707558859975217,1.0,1.0
2020-01-02,0.8959390862944162,0.7682775712515489,1.0,1.0
2020-01-03,0.8972081218274112,0.734820322180917,1.0,1.0
2020-01-06,0.8935361216730038,0.724907063197026,1.0,1.0
2020-01-07,0.8846641318124208,0.711276332094176,1.0,1.0
2020-01-08,0.8910012674271229,0.7174721189591078,1.0,1.0
2020-01-09,0.8897338403041825,0.7273853779429987,1.0,1.0
2020-01-10,0.8922686945500634,0.7149938042131351,1.0,1.0
2020-01-13,0.8884664131812421,0.7447335811648079,1.0,1.0
2020-01-14,0.9025316455696203,0.7534076827757125,1.0,1.0
2020-01-15,0.9050632911392406,0.7620817843866171,1.0,1.0
2020-01-16,0.9051833122629582,0.8166047087980174,1.0,1.0
2020-01-17,0.9077117572692794,0.815365551425031,1.0,1.0
2020-01-21,0.9015151515151515,0.7831474597273854,1.0,1.0
2020-01-22,0.9027777777777778,0.7620817843866171,1.0,1.0
2020-01-23,0.8926767676767676,0.7571251548946716,1.0,1.0
2020-01-24,0.8863636363636364,0.6753407682775713,1.0,1.0
2020-01-27,0.8522727272727273,0.5774473358116481,1.0,1.0
2020-01-28,0.8396464646464646,0.6294919454770755,1.0,1.0
2020-01-29,0.8118686868686869,0.5960346964064436,1.0,1.0
2020-01-30,0.7790404040404041,0.5935563816604709,1.0,1.0
2020-01-31,0.7196969696969697,0.48698884758364314,1.0,1.0
2020-02-03,0.7209595959595959,0.5216852540272615,1.0,1.0
2020-02-04,0.681360201511335,0.6022304832713755,1.0,1.0
2020-02-05,0.5919395465994962,0.6790582403965304,1.0,1.0
2020-02-06,0.5768261964735516,0.6530359355638166,1.0,1.0
2020-02-07,0.5566750629722922,0.620817843866171,1.0,1.0
2020-02-10,0.5503778337531486,0.6282527881040892,1.0,1.0
2020-02-11,0.5340050377833753,0.6654275092936803,1.0,1.0
2020-02-12,0.5264483627204031,0.6889714993804213,1.0,1.0
2020-02-13,0.5100755667506297,0.6716232961586122,1.0,1.0
2020-02-14,0.5151133501259446,0.6641883519206939,1.0,1.0
2020-02-18,0.5144654088050314,0.6232961586121437,1.0,1.0
2020-02-19,0.49056603773584906,0.644361833952912,1.0,1.0
2020-02-20,0.4767295597484277,0.6456009913258984,1.0,1.0
2020-02-21,0.43647798742138366,0.587360594795539,1.0,1.0
2020-02-24,0.31069182389937106,0.42627013630731103,1.0,1.0
2020-02-25,0.2289308176100629,0.27351485148514854,1.0,1.0
2020-02-26,0.2120451693851945,0.24628712871287128,1.0,1.0
2020-02-27,0.12797992471769135,0.11262376237623763,1.0,1.0
2020-02-28,0.12296110414052698,0.09034653465346534,1.0,0.0
2020-03-02,0.08782936010037641,0.18193069306930693,1.0,0.0
2020-03-03,0.07904642409033877,0.13861386138613863,0.0,0.0
2020-03-04,0.06015037593984962,0.2784653465346535,0.0,0.0
2020-03-05,0.06015037593984962,0.2079207920792079,0.0,0.0
2020-03-06,0.06140350877192982,0.1547029702970297,0.0,0.0
2020-03-09,0.03258145363408521,0.05816831683168317,0.0,0.0
2020-03-10,0.02756892230576441,0.0853960396039604,0.0,0.0
2020-03-11,0.017543859649122806,0.038366336633663366,0.0,0.0
2020-03-12,0.011278195488721804,0.018564356435643563,0.0,0.0
2020-03-13,0.007518796992481203,0.043316831683168314,0.0,0.0
2020-03-16,0.0037593984962406013,0.022277227722772276,0.0,0.0
2020-03-17,0.0012531328320802004,0.04455445544554455,0.0,0.0
2020-03-18,0.0012515644555694619,0.039603960396039604,0.0,0.0
2020-03-19,0.0012515644555694619,0.0297029702970297,0.0,0.0
2020-03-20,0.0012515644555694619,0.022277227722772276,0.0,0.0
2020-03-23,0.0012515644555694619,0.022277227722772276,0.0,0.0
2020-03-24,0.0012515644555694619,0.03094059405940594,0.0,0.0
2020-03-25,0.0012515644555694619,0.028465346534653466,0.0,0.0
2020-03-26,0.00125,0.054455445544554455,0.0,0.0
2020-03-27,0.0012484394506866417,0.039603960396039604,0.0,0.0
2020-03-30,0.0012484394506866417,0.06683168316831684,0.0,0.0
2020-03-31,0.0012468827930174563,0.05693069306930693,0.0,0.0
2020-04-01,0.0012468827930174563,0.04084158415841584,0.0,0.0
2020-04-02,0.0012468827930174563,0.06806930693069307,0.0,0.0
2020-04-03,0.0012468827930174563,0.06056860321384425,0.0,0.0
2020-04-06,0.0012468827930174563,0.12360939431396786,0.0,0.0
2020-04-07,0.0024937655860349127,0.10754017305315204,0.0,0.0
2020-04-08,0.0024937655860349127,0.1681087762669963,0.0,0.0
2020-04-09,0.0024937655860349127,0.22249690976514216,0.0,0.0
2020-04-13,0.003740648379052369,0.17799752781211373,0.0,0.0
2020-04-14,0.003740648379052369,0.29913473423980225,0.0,0.0
2020-04-15,0.007481296758104738,0.24721878862793573,0.0,0.0
2020-04-16,0.00997506234413965,0.27441285537700866,0.0,0.0
2020-04-17,0.016209476309226933,0.37160493827160496,0.0,0.0
2020-04-20,0.02369077306733167,0.32098765432098764,0.0,0.0
2020-04-21,0.02493765586034913,0.24074074074074073,0.0,0.0
2020-04-22,0.029925187032418952,0.3135802469135803,0.0,0.0
2020-04-23,0.06109725685785536,0.3333333333333333,0.0,0.0
2020-04-24,0.06982543640897755,0.4148148148148148,0.0,0.0
2020-04-27,0.10224438902743142,0.5395061728395062,0.0,0.0
2020-04-28,0.11596009975062344,0.6098765432098765,0.0,0.0
2020-04-29,0.14089775561097256,0.7716049382716049,0.0,0.0
2020-04-30,0.14463840399002495,0.691358024691358,0.0,0.0
2020-05-01,0.16957605985037408,0.5691358024691358,0.0,0.0
2020-05-04,0.19326683291770574,0.5925925925925926,0.0,0.0
2020-05-05,0.20947630922693267,0.6333333333333333,0.0,0.0
2020-05-06,0.3827930174563591,0.5950617283950618,0.0,0.0
2020-05-07,0.3802992518703242,0.6938271604938272,0.0,0.0
2020-05-08,0.43266832917705733,0.7876543209876543,0.0,0.0
2020-05-11,0.46384039900249374,0.754320987654321,0.0,0.0
2020-05-12,0.4551122194513716,0.6604938271604939,1.0,0.0
2020-05-13,0.4613466334164589,0.5851851851851851,1.0,0.0
2020-05-14,0.5112219451371571,0.6308641975308642,1.0,0.0
2020-05-15,0.513715710723192,0.6596794081381011,1.0,0.0
2020-05-18,0.48941469489414696,0.8446362515413071,1.0,0.0
2020-05-19,0.5068493150684932,0.7940813810110974,1.0,0.0
2020-05-20,0.5566625155666252,0.8471023427866831,1.0,0.0
2020-05-21,0.572851805728518,0.8520345252774353,1.0,0.0
2020-05-22,0.5790784557907845,0.8569667077681874,1.0,0.0
2020-05-26,0.5466998754669987,0.9272503082614056,1.0,0.0
2020-05-27,0.5529265255292652,0.9469790382244143,1.0,0.0
2020-05-28,0.5566625155666252,0.9593094944512947,1.0,0.0
2020-05-29,0.6102117061021171,0.9532595325953259,1.0,0.0
2020-06-01,0.638854296388543,0.9630996309963099,1.0,0.0
2020-06-02,0.6824408468244084,0.971709717097171,1.0,0.0
2020-06-03,0.6699875466998755,0.9704797047970479,1.0,1.0
2020-06-04,0.676214196762142,0.964329643296433,1.0,1.0
2020-06-05,0.6749688667496887,0.9692496924969249,1.0,1.0
2020-06-08,0.6824408468244084,0.9790897908979089,1.0,1.0
2020-06-09,0.6824408468244084,0.972939729397294,1.0,1.0
2020-06-10,0.6724782067247821,0.966789667896679,1.0,1.0
2020-06-11,0.5516811955168119,0.8154981549815498,1.0,1.0
2020-06-12,0.597758405977584,0.8437884378843789,1.0,1.0
2020-06-15,0.6064757160647571,0.8585485854858549,1.0,1.0
2020-06-16,0.6102117061021171,0.9077490774907749,1.0,1.0
2020-06-17,0.7123287671232876,0.8806888068880688,1.0,1.0
2020-06-18,0.7297633872976339,0.8622386223862238,1.0,1.0
2020-06-19,0.7347447073474471,0.8093480934809348,1.0,1.0
2020-06-22,0.7397260273972602,0.8228782287822878,1.0,1.0
2020-06-23,0.7384806973848069,0.8105781057810578,1.0,1.0
2020-06-24,0.7534246575342466,0.6359163591635917,1.0,1.0
2020-06-25,0.7858032378580324,0.6814268142681427,1.0,1.0
2020-06-26,0.7795765877957659,0.5375153751537516,1.0,1.0
2020-06-29,0.7860696517412935,0.6580565805658056,1.0,1.0
2020-06-30,0.7850931677018633,0.7404674046740467,1.0,1.0
2020-07-01,0.7913043478260869,0.6949569495694957,1.0,1.0
2020-07-02,0.8298136645962733,0.7047970479704797,1.0,1.0
2020-07-06,0.8372670807453416,0.7564575645756457,1.0,1.0
2020-07-07,0.8858560794044665,0.6765067650676507,1.0,1.0
2020-07-08,0.9218362282878412,0.6633906633906634,1.0,1.0
2020-07-09,0.9193548387096774,0.5515970515970516,1.0,1.0
2020-07-10,0.924317617866005,0.6486486486486487,1.0,1.0
2020-07-13,0.966501240694789,0.6056511056511057,1.0,1.0
2020-07-14,0.9702602230483272,0.6756756756756757,1.0,1.0
2020-07-15,0.9677819083023544,0.8034398034398035,1.0,1.0
2020-07-16,0.9677819083023544,0.7702702702702703,1.0,1.0
2020-07-17,0.9727385377942999,0.7702702702702703,1.0,1.0
2020-07-20,0.9677819083023544,0.7285012285012284,1.0,1.0
2020-07-21,0.9628252788104089,0.7874692874692875,1.0,1.0
2020-07-22,0.966542750929368,0.7972972972972973,1.0,1.0
2020-07-23,0.9640644361833953,0.7899262899262899,1.0,1.0
2020-07-24,0.9653035935563816,0.7211302211302212,1.0,1.0
2020-07-27,0.9690210656753407,0.7199017199017199,1.0,1.0
2020-07-28,0.9677819083023544,0.671990171990172,1.0,1.0
2020-07-29,0.9653035935563816,0.7432432432432432,1.0,1.0
2020-07-30,0.9591078066914498,0.6916461916461917,1.0,1.0
2020-07-31,0.9603469640644362,0.6572481572481572,1.0,1.0
2020-08-03,0.9591078066914498,0.6756756756756757,1.0,1.0
2020-08-04,0.9591078066914498,0.6793611793611793,1.0,1.0
2020-08-05,0.9566294919454771,0.7199017199017199,1.0,1.0
2020-08-06,0.9566294919454771,0.6977886977886978,1.0,1.0
2020-08-07,0.9491945477075588,0.7235872235872236,1.0,1.0
2020-08-10,0.9479553903345725,0.7665847665847666,1.0,1.0
2020-08-11,0.9516728624535316,0.7518427518427518,1.0,1.0
2020-08-12,0.9553903345724907,0.7754601226993865,1.0,1.0
2020-08-13,0.9566294919454771,0.7610294117647058,1.0,1.0
2020-08-14,0.9566294919454771,0.7634803921568627,1.0,1.0
2020-08-17,0.952912019826518,0.7573529411764706,1.0,1.0
2020-08-18,0.9603469640644362,0.7438725490196079,1.0,1.0
2020-08-19,0.9553903345724907,0.7169117647058824,1.0,1.0
2020-08-20,0.9553903345724907,0.6801470588235294,1.0,1.0
2020-08-21,0.9603469640644362,0.6556372549019608,1.0,1.0
2020-08-24,0.9615861214374225,0.7426470588235294,1.0,1.0
2020-08-25,0.9640644361833953,0.7343941248470012,1.0,1.0
2020-08-26,0.9603469640644362,0.7282741738066095,1.0,1.0
2020-08-27,0.9615861214374225,0.758873929008568,1.0,1.0
2020-08-28,0.9640644361833953,0.795593635250918,1.0,1.0
2020-08-31,0.966542750929368,0.7392900856793145,1.0,1.0
2020-09-01,0.9653035935563816,0.7429620563035496,1.0,1.0
2020-09-02,0.9677819083023544,0.8102815177478581,1.0,1.0
2020-09-03,0.9566294919454771,0.6903304773561811,1.0,1.0
2020-09-04,0.9603469640644362,0.6544566544566545,1.0,1.0
2020-09-08,0.9653035935563816,0.5128205128205128,1.0,1.0
2020-09-09,0.9615861214374225,0.5775335775335775,1.0,1.0
2020-09-10,0.9603469640644362,0.5042630937880633,1.0,1.0
2020-09-11,0.9603469640644362,0.4902676399026764,1.0,1.0
2020-09-14,0.9578686493184635,0.5742092457420924,1.0,1.0
2020-09-15,0.9566294919454771,0.583941605839416,1.0,1.0
2020-09-16,0.9578686493184635,0.6143552311435523,1.0,1.0
2020-09-17,0.9566294919454771,0.5669099756690997,1.0,1.0
2020-09-18,0.9603469640644362,0.49391727493917276,1.0,1.0
2020-09-21,0.9603469640644362,0.340632603406326,1.0,1.0
2020-09-22,0.9591078066914498,0.38077858880778587,1.0,1.0
2020-09-23,0.9541511771995044,0.27858880778588807,1.0,1.0
2020-09-24,0.9541511771995044,0.2725060827250608,1.0,1.0
2020-09-25,0.9591078066914498,0.35523114355231145,1.0,1.0
2020-09-28,0.9591078066914498,0.46228710462287104,1.0,1.0
2020-09-29,0.9628712871287128,0.4172749391727494,1.0,1.0
2020-09-30,0.9653465346534653,0.44525547445255476,1.0,1.0
2020-10-01,0.969059405940594,0.5158150851581509,1.0,1.0
2020-10-02,0.969059405940594,0.5291970802919708,0.0,1.0
2020-10-05,0.9777227722772277,0.635036496350365,0.0,1.0
2020-10-06,0.9764851485148515,0.5790754257907542,0.0,1.0
2020-10-07,0.9777227722772277,0.6654501216545012,0.0,1.0
2020-10-08,0.9777227722772277,0.7433090024330901,0.0,1.0
2020-10-09,0.9764851485148515,0.7530413625304136,1.0,1.0
2020-10-12,0.9752475247524752,0.7798053527980535,1.0,1.0
2020-10-13,0.9777227722772277,0.732360097323601,1.0,1.0
2020-10-14,0.9764851485148515,0.7128953771289538,1.0,1.0
2020-10-15,0.974009900990099,0.720873786407767,1.0,1.0
2020-10-16,0.974009900990099,0.7050970873786407,1.0,1.0
2020-10-19,0.974009900990099,0.6237864077669902,1.0,1.0
2020-10-20,0.9752475247524752,0.6577669902912622,1.0,1.0
2020-10-21,0.9764851485148515,0.6444174757281553,1.0,1.0
2020-10-22,0.9789603960396039,0.6929611650485437,1.0,1.0
2020-10-23,0.9789603960396039,0.7135922330097088,1.0,1.0
2020-10-26,0.9789603960396039,0.5728155339805825,1.0,1.0
2020-10-27,0.9789603960396039,0.4987864077669903,1.0,1.0
2020-10-28,0.9764851485148515,0.33616504854368934,1.0,1.0
2020-10-29,0.9715346534653465,0.39441747572815533,1.0,1.0
2020-10-30,0.9653465346534653,0.3288834951456311,1.0,1.0
2020-11-02,0.9653465346534653,0.44538834951456313,1.0,1.0
2020-11-03,0.9616336633663366,0.5558252427184466,1.0,1.0
2020-11-04,0.9504950495049505,0.6140776699029126,1.0,1.0
2020-11-05,0.9443069306930693,0.7135922330097088,1.0,1.0
2020-11-06,0.9394313967861557,0.6796116504854369,1.0,1.0
2020-11-09,0.8393077873918418,0.7475728155339806,1.0,1.0
2020-11-10,0.8331273176761433,0.7633495145631068,1.0,1.0
2020-11-11,0.8281829419035847,0.8203883495145631,1.0,1.0
2020-11-12,0.8207663782447466,0.7815533980582524,1.0,1.0
2020-11-13,0.8170580964153276,0.8276699029126213,1.0,1.0
2020-11-16,0.8108776266996292,0.8555825242718447,1.0,1.0
2020-11-17,0.8133498145859085,0.8470873786407767,1.0,1.0
2020-11-18,0.8071693448702101,0.8094660194174758,1.0,1.0
2020-11-19,0.8111111111111111,0.8191747572815534,1.0,1.0
2020-11-20,0.817283950617284,0.8118932038834952,1.0,1.0
2020-11-23,0.808641975308642,0.8276699029126213,1.0,1.0
2020-11-24,0.808641975308642,0.823030303030303,1.0,1.0
2020-11-25,0.8234567901234567,0.8278787878787879,1.0,1.0
2020-11-27,0.8469135802469135,0.8389830508474576,1.0,1.0
2020-11-30,0.8444444444444444,0.8462469733656174,1.0,1.0
2020-12-01,0.8567901234567902,0.851089588377724,1.0,1.0
2020-12-02,0.8580246913580247,0.8297101449275363,1.0,1.0
2020-12-03,0.8641975308641975,0.821256038647343,1.0,1.0
2020-12-04,0.8753086419753087,0.8381642512077294,1.0,1.0
2020-12-07,0.8839506172839506,0.8297101449275363,1.0,1.0
2020-12-08,0.8962962962962963,0.8236714975845411,1.0,1.0
2020-12-09,0.9740740740740741,0.7963855421686747,1.0,1.0
2020-12-10,0.9753086419753086,0.7831325301204819,1.0,1.0
2020-12-11,0.9753086419753086,0.7819277108433735,1.0,1.0
2020-12-14,0.9740740740740741,0.7771084337349398,1.0,1.0
2020-12-15,0.9765432098765432,0.8349397590361446,1.0,1.0
2020-12-16,0.9777777777777777,0.8397590361445784,1.0,1.0
2020-12-17,0.9777777777777777,0.8662650602409638,1.0,1.0
2020-12-18,0.9728729963008631,0.8385542168674699,1.0,1.0
2020-12-21,0.9716399506781751,0.8228915662650602,1.0,1.0
2020-12-22,0.9716399506781751,0.8192771084337349,1.0,1.0
2020-12-23,0.966707768187423,0.8192771084337349,1.0,1.0
2020-12-24,0.969173859432799,0.8457831325301205,1.0,1.0
2020-12-28,0.969173859432799,0.8349397590361446,1.0,1.0
2020-12-29,0.9617755856966708,0.8144578313253013,1.0,1.0
2020-12-30,0.9642416769420469,0.8397590361445784,1.0,1.0
2020-12-31,0.9630086313193588,0.8518072289156626,1.0,1.0
2021-01-04,0.958179581795818,0.7521058965102286,1.0,1.0
2021-01-05,0.9618696186961869,0.7966305655836342,1.0,1.0
2021-01-06,0.958179581795818,0.8303249097472925,1.0,1.0
2021-01-07,0.947109471094711,0.8531889290012034,1.0,1.0
2021-01-08,0.9458794587945879,0.8580024067388689,1.0,1.0
2021-01-11,0.9458794587945879,0.8231046931407943,1.0,1.0
2021-01-12,0.942189421894219,0.8086642599277978,1.0,1.0
2021-01-13,0.939729397293973,0.8098676293622142,1.0,1.0
2021-01-14,0.9372693726937269,0.789410348977136,1.0,1.0
2021-01-15,0.9274292742927429,0.7701564380264742,1.0,1.0
2021-01-19,0.9212792127921279,0.762936221419976,1.0,1.0
2021-01-20,0.923739237392374,0.8086642599277978,1.0,1.0
2021-01-21,0.915129151291513,0.7821901323706378,1.0,1.0
2021-01-22,0.9089790897908979,0.7521058965102286,1.0,1.0
2021-01-25,0.8917589175891759,0.7424789410348978,1.0,1.0
2021-01-26,0.8696186961869619,0.7099879663056559,1.0,1.0
2021-01-27,0.7884378843788438,0.5126353790613718,1.0,1.0
2021-01-28,0.7380073800738007,0.6101083032490975,1.0,1.0
2021-01-29,0.7060270602706027,0.4789410348977136,1.0,1.0
2021-02-01,0.6728167281672817,0.5776173285198556,1.0,1.0
2021-02-02,0.6248462484624846,0.6618531889290012,1.0,1.0
2021-02-03,0.6531365313653137,0.6606498194945848,1.0,1.0
2021-02-04,0.6285362853628537,0.7292418772563177,1.0,1.0
2021-02-05,0.6740467404674046,0.7581227436823105,1.0,1.0
2021-02-08,0.6924969249692496,0.7809867629362214,1.0,1.0
2021-02-09,0.6924969249692496,0.7773766546329723,1.0,1.0
2021-02-10,0.6924969249692496,0.7785800240673887,1.0,1.0
2021-02-11,0.6793611793611793,0.766546329723225,1.0,1.0
2021-02-12,0.683046683046683,0.7689530685920578,1.0,1.0
2021-02-16,0.6793611793611793,0.753309265944645,1.0,1.0
2021-02-17,0.671990171990172,0.7316486161251504,1.0,1.0
2021-02-18,0.6695331695331695,0.7123947051744886,1.0,1.0
2021-02-19,0.6646191646191646,0.7123947051744886,1.0,1.0
2021-02-22,0.6437346437346437,0.6787003610108303,1.0,1.0
2021-02-23,0.6326781326781327,0.6618531889290012,1.0,1.0
2021-02-24,0.6216216216216216,0.6931407942238267,1.0,1.0
2021-02-25,0.6044226044226044,0.5836341756919374,1.0,1.0
2021-02-26,0.6867321867321867,0.5487364620938628,1.0,1.0
2021-03-01,0.6916461916461917,0.6558363417569194,1.0,1.0
2021-03-02,0.7211302211302212,0.6233453670276775,1.0,1.0
2021-03-03,0.6977886977886978,0.5451263537906137,1.0,1.0
2021-03-04,0.7027027027027027,0.46329723225030084,1.0,1.0
2021-03-05,0.6633906633906634,0.5607701564380265,1.0,1.0
2021-03-08,0.6609336609336609,0.5716004813477737,1.0,1.0
2021-03-09,0.6228501228501229,0.605294825511432,1.0,1.0
2021-03-10,0.6105651105651105,0.6486161251504212,1.0,1.0
2021-03-11,0.585995085995086,0.6787003610108303,1.0,1.0
2021-03-12,0.5823095823095823,0.6991576413959085,1.0,1.0
2021-03-15,0.5995085995085995,0.7388688327316486,1.0,1.0
2021-03-16,0.5872235872235873,0.7340553549939831,1.0,1.0
2021-03-17,0.5982800982800983,0.7328519855595668,1.0,1.0
2021-03-18,0.5700245700245701,0.6714801444043321,1.0,1.0
2021-03-19,0.5668711656441717,0.6799037304452467,1.0,1.0
2021-03-22,0.5674019607843137,0.7003610108303249,1.0,1.0
2021-03-23,0.5600490196078431,0.618531889290012,1.0,1.0
2021-03-24,0.553921568627451,0.5884476534296029,1.0,1.0
2021-03-25,0.5575980392156863,0.6425992779783394,1.0,1.0
2021-03-26,0.5821078431372549,0.7027677496991577,1.0,1.0
2021-03-29,0.5723039215686274,0.6787003610108303,1.0,1.0
2021-03-30,0.6004901960784313,0.6847172081829122,1.0,1.0
2021-03-31,0.5931372549019608,0.703971119133574,1.0,1.0
2021-04-01,0.6156670746634026,0.7545126353790613,1.0,1.0
2021-04-05,0.6756425948592412,0.7689530685920578,1.0,1.0
2021-04-06,0.7282741738066095,0.7785800240673887,1.0,1.0
2021-04-07,0.7747858017135862,0.7569193742478941,1.0,1.0
2021-04-08,0.8274173806609547,0.7882069795427196,1.0,1.0
2021-04-09,0.8384332925336597,0.779783393501805,1.0,1.0
2021-04-12,0.8714810281517748,0.779783393501805,1.0,1.0
2021-04-13,0.8788249694002448,0.789410348977136,1.0,1.0
2021-04-14,0.8803418803418803,0.7978339350180506,1.0,1.0
2021-04-15,0.8681318681318682,0.8315282791817088,1.0,1.0
2021-04-16,0.8705738705738706,0.8158844765342961,1.0,1.0
2021-04-19,0.904993909866017,0.7858002406738869,1.0,1.0
2021-04-20,0.9063260340632603,0.6895306859205776,1.0,1.0
2021-04-21,0.8990267639902676,0.7653429602888087,1.0,1.0
2021-04-22,0.9136253041362531,0.7352587244283996,1.0,1.0
2021-04-23,0.9136253041362531,0.7918170878459687,1.0,1.0
2021-04-26,0.9148418491484185,0.825511432009627,1.0,1.0
2021-04-27,0.9355231143552312,0.8243080625752106,1.0,1.0
2021-04-28,0.9343065693430657,0.838748495788207,1.0,1.0
2021-04-29,0.927007299270073,0.8122743682310469,1.0,1.0
2021-04-30,0.9282238442822385,0.7641395908543923,1.0,1.0
2021-05-03,0.9294403892944039,0.766546329723225,1.0,1.0
2021-05-04,0.9209245742092458,0.7051744885679904,1.0,1.0
2021-05-05,0.9172749391727494,0.6919374247894103,1.0,1.0
2021-05-06,0.9111922141119222,0.6955475330926595,1.0,1.0
2021-05-07,0.8990267639902676,0.7292418772563177,1.0,1.0
2021-05-10,0.8771289537712895,0.6702767749699158,1.0,1.0
2021-05-11,0.8710462287104623,0.6606498194945848,1.0,1.0
2021-05-12,0.8236009732360098,0.54632972322503,1.0,1.0
2021-05-13,0.7956204379562044,0.605294825511432,1.0,1.0
2021-05-14,0.7700729927007299,0.6702767749699158,1.0,1.0
2021-05-17,0.7737226277372263,0.6618531889290012,1.0,1.0
2021-05-18,0.7652068126520681,0.6113116726835138,1.0,1.0
2021-05-19,0.767639902676399,0.5764139590854392,1.0,1.0
2021-05-20,0.7773722627737226,0.628158844765343,1.0,1.0
2021-05-21,0.7871046228710462,0.6221419975932612,1.0,1.0
2021-05-24,0.8058252427184466,0.6666666666666666,1.0,1.0
2021-05-25,0.8118932038834952,0.6462093862815884,1.0,1.0
2021-05-26,0.8058252427184466,0.681107099879663,1.0,1.0
2021-05-27,0.8094660194174758,0.7075812274368231,1.0,1.0
2021-05-28,0.837378640776699,0.7111913357400722,1.0,1.0
2021-06-01,0.8385922330097088,0.6883273164861613,1.0,1.0
2021-06-02,0.8519417475728155,0.681107099879663,1.0,1.0
2021-06-03,0.8628640776699029,0.6534296028880866,1.0,1.0
2021-06-04,0.8798543689320388,0.6799037304452467,1.0,1.0
2021-06-07,0.9029126213592233,0.6642599277978339,1.0,1.0
2021-06-08,0.9101941747572816,0.6606498194945848,1.0,1.0
2021-06-09,0.9174757281553398,0.6329723225030084,1.0,1.0
2021-06-10,0.9174757281553398,0.6474127557160048,1.0,1.0
2021-06-11,0.9405339805825242,0.6678700361010831,1.0,1.0
2021-06-14,0.875,0.75,1.0,1.0
2021-06-15,0.875,0.75,1.0,1.0
2021-06-16,0.9320388349514563,0.5800240673886883,1.0,1.0
2021-06-17,0.9283980582524272,0.5138387484957883,1.0,1.0
2021-06-18,0.9247572815533981,0.40794223826714804,1.0,1.0
2021-06-21,0.9174757281553398,0.5174488567990373,1.0,1.0
2021-06-22,0.9223300970873787,0.5234657039711191,1.0,1.0
2021-06-23,0.9235436893203883,0.5006016847172082,1.0,1.0
2021-06-24,0.9259708737864077,0.5487364620938628,1.0,1.0
2021-06-25,0.9199029126213593,0.6113116726835138,1.0,1.0
2021-06-28,0.9211165048543689,0.5631768953068592,1.0,1.0
2021-06-29,0.9150485436893204,0.5475330926594465,1.0,1.0
2021-06-30,0.9162621359223301,0.5499398315282792,1.0,1.0
2021-07-01,0.912621359223301,0.5896510228640193,1.0,1.0
2021-07-02,0.9211165048543689,0.592057761732852,1.0,1.0
2021-07-06,0.9259708737864077,0.5258724428399518,1.0,1.0
2021-07-07,0.9284848484848485,0.5367027677496992,1.0,1.0
2021-07-08,0.9284848484848485,0.48014440433212996,1.0,1.0
2021-07-09,0.910411622276029,0.5968712394705175,1.0,1.0
2021-07-12,0.9055690072639225,0.5908543922984356,1.0,1.0
2021-07-14,0.8946731234866828,0.48375451263537905,1.0,1.0
2021-07-15,0.894927536231884,0.4657039711191336,1.0,1.0
2021-07-16,0.8913043478260869,0.4368231046931408,1.0,1.0
2021-07-19,0.8876811594202898,0.3417569193742479,1.0,1.0
2021-07-20,0.8876811594202898,0.4464500601684717,1.0,1.0
2021-07-21,0.9057971014492754,0.5078219013237064,1.0,1.0
2021-07-22,0.9228915662650602,0.470517448856799,1.0,1.0
2021-07-23,0.9180722891566265,0.5150421179302046,1.0,1.0
2021-07-26,0.9048192771084337,0.5234657039711191,1.0,1.0
2021-07-27,0.9,0.5114320096269555,1.0,1.0
2021-07-28,0.8987951807228916,0.5090252707581228,1.0,1.0
2021-07-29,0.8867469879518072,0.5523465703971119,1.0,1.0
2021-07-30,0.8759036144578313,0.5186522262334536,1.0,1.0
2021-08-02,0.8746987951807229,0.5126353790613718,1.0,1.0
2021-08-03,0.8578313253012049,0.5571600481347774,1.0,1.0
2021-08-04,0.8313253012048193,0.5018050541516246,1.0,1.0
2021-08-05,0.8156626506024096,0.542719614921781,1.0,1.0
2021-08-06,0.808433734939759,0.5716004813477737,1.0,1.0
2021-08-09,0.8204819277108434,0.5529411764705883,1.0,1.0
2021-08-10,0.8192771084337349,0.5658823529411765,1.0,1.0
2021-08-11,0.8144578313253013,0.5929411764705882,1.0,1.0
2021-08-12,0.8457831325301205,0.5952941176470589,1.0,1.0
2021-08-13,0.8411552346570397,0.5882352941176471,1.0,1.0
2021-08-16,0.8459687123947052,0.5741176470588235,1.0,1.0
2021-08-17,0.851985559566787,0.5270588235294118,1.0,1.0
2021-08-18,0.8688327316486161,0.4823529411764706,1.0,1.0
2021-08-19,0.8748495788206979,0.4647058823529412,1.0,1.0
2021-08-20,0.8676293622141997,0.5047058823529412,1.0,1.0
2021-08-23,0.8676293622141997,0.5411764705882353,1.0,1.0
2021-08-24,0.8628158844765343,0.5847058823529412,1.0,1.0
2021-08-25,0.8676293622141997,0.6047058823529412,1.0,1.0
2021-08-26,0.8640192539109507,0.5682352941176471,1.0,1.0
2021-08-27,0.865222623345367,0.6447831184056272,1.0,1.0
2021-08-30,0.8832731648616126,0.6365767878077374,1.0,1.0
2021-08-31,0.8543922984356197,0.6248534583821805,1.0,1.0
2021-09-01,0.8676293622141997,0.6236811254396248,1.0,1.0
2021-09-02,0.8880866425992779,0.6518171160609613,1.0,1.0
2021-09-03,0.908433734939759,0.6126760563380281,1.0,1.0
2021-09-07,0.910950661853189,0.5627198124267292,1.0,1.0
2021-09-08,0.9049338146811071,0.5486518171160609,1.0,1.0
2021-09-09,0.9061371841155235,0.52989449003517,1.0,1.0
2021-09-10,0.901323706377858,0.4712778429073857,1.0,1.0
2021-09-13,0.8965102286401926,0.5064478311840562,1.0,1.0
2021-09-14,0.8880866425992779,0.44314185228604924,1.0,1.0
2021-09-15,0.8808664259927798,0.5076201641266119,1.0,1.0
2021-09-16,0.8904933814681107,0.48534583821805394,1.0,1.0
2021-09-17,0.8953068592057761,0.4361078546307151,1.0,1.0
2021-09-20,0.8929001203369434,0.3235638921453693,1.0,1.0
2021-09-21,0.8892900120336944,0.3223915592028136,1.0,1.0
2021-09-22,0.8808664259927798,0.3939038686987104,1.0,1.0
2021-09-23,0.8567990373044525,0.5041031652989449,1.0,1.0
2021-09-24,0.8664259927797834,0.488862837045721,1.0,1.0
2021-09-27,0.8182912154031288,0.4806565064478312,1.0,1.0
2021-09-28,0.8154402895054282,0.34665099882491185,1.0,1.0
2021-09-29,0.8202653799758746,0.3384253819036428,0.0,1.0
2021-09-30,0.7937273823884198,0.27379553466509987,0.0,1.0
2021-10-01,0.7729468599033816,0.34352941176470586,0.0,1.0
2021-10-04,0.7644927536231884,0.3058823529411765,0.0,1.0
2021-10-05,0.7424425634824667,0.336866902237927,0.0,1.0
2021-10-06,0.7267230955259976,0.35217903415783275,0.0,1.0
2021-10-07,0.727932285368803,0.4381625441696113,0.0,1.0
2021-10-08,0.7388149939540508,0.4193168433451119,0.0,1.0
2021-10-11,0.7424425634824667,0.3934040047114252,0.0,1.0
2021-10-12,0.727932285368803,0.4075382803297998,0.0,1.0
2021-10-13,0.747279322853688,0.4204946996466431,0.0,1.0
2021-10-14,0.6964933494558646,0.5300353356890459,0.0,1.0
2021-10-15,0.6964933494558646,0.552414605418139,0.0,1.0
2021-10-18,0.713422007255139,0.5488810365135454,0.0,1.0
2021-10-19,0.7436517533252721,0.5877502944640753,0.0,1.0
2021-10-20,0.7436517533252721,0.6348645465253239,0.0,1.0
2021-10-21,0.7339782345828295,0.6336866902237926,0.0,1.0
2021-10-22,0.7460701330108828,0.6454652532391049,0.0,1.0
2021-10-25,0.7376058041112454,0.657243816254417,0.0,1.0
2021-10-26,0.727932285368803,0.6442873969375736,0.0,1.0
2021-10-27,0.7496977025392987,0.5571260306242638,0.0,1.0
2021-10-28,0.7158403869407497,0.624263839811543,0.0,1.0
2021-10-29,0.7400241837968561,0.6007067137809188,1.0,1.0
2021-11-01,0.7288135593220338,0.661610268378063,1.0,1.0
2021-11-02,0.7276029055690073,0.662777129521587,1.0,1.0
2021-11-03,0.6997578692493946,0.6954492415402567,1.0,1.0
2021-11-04,0.6767554479418886,0.6592765460910152,1.0,1.0
2021-11-05,0.6380145278450363,0.6942823803967327,1.0,1.0
2021-11-08,0.6283292978208233,0.6989498249708285,1.0,1.0
2021-11-09,0.6428571428571429,0.6942823803967327,1.0,1.0
2021-11-10,0.62590799031477,0.6732788798133023,1.0,1.0
2021-11-11,0.6162227602905569,0.67561260210035,1.0,1.0
2021-11-12,0.6319612590799032,0.6884480746791132,1.0,1.0
2021-11-15,0.6101694915254238,0.690781796966161,1.0,1.0
2021-11-16,0.6016949152542372,0.6814469078179697,1.0,1.0
2021-11-17,0.589588377723971,0.6301050175029171,1.0,1.0
2021-11-18,0.585956416464891,0.5997666277712952,1.0,1.0
2021-11-19,0.5738498789346247,0.5600933488914819,1.0,1.0
2021-11-22,0.559322033898305,0.5635939323220537,1.0,1.0
2021-11-23,0.5460048426150121,0.5787631271878646,1.0,1.0
2021-11-24,0.5472154963680388,0.5869311551925321,1.0,1.0
2021-11-26,0.4963680387409201,0.46091015169194866,1.0,1.0
2021-11-29,0.513317191283293,0.4830805134189031,1.0,1.0
2021-11-30,0.4297820823244552,0.3115519253208868,1.0,1.0
2021-12-01,0.4322033898305085,0.24037339556592766,1.0,1.0
2021-12-02,0.36319612590799033,0.35355892648774795,1.0,1.0
2021-12-03,0.3660606060606061,0.3235981308411215,1.0,1.0
2021-12-06,0.35515151515151516,0.3901869158878505,1.0,1.0
2021-12-07,0.336969696969697,0.4976635514018692,1.0,1.0
2021-12-08,0.3422330097087379,0.5099415204678363,1.0,1.0
2021-12-09,0.3288834951456311,0.4432748538011696,1.0,0.0
2021-12-10,0.33980582524271846,0.4619883040935672,1.0,0.0
2021-12-13,0.32645631067961167,0.41754385964912283,0.0,0.0
2021-12-14,0.3292831105710814,0.37236533957845436,0.0,0.0
2021-12-15,0.29404617253948967,0.41451990632318503,0.0,0.0
2021-12-16,0.27217496962332927,0.39695550351288056,0.0,0.0
2021-12-17,0.2551640340218712,0.3711943793911007,0.0,0.0
2021-12-20,0.22478736330498178,0.2997658079625293,0.0,0.0
2021-12-21,0.20170109356014582,0.4098360655737705,0.0,0.0
2021-12-22,0.21020656136087484,0.44379391100702575,0.0,0.0
2021-12-23,0.21992709599027946,0.4882903981264637,0.0,0.0
2021-12-27,0.20048602673147023,0.5374707259953162,0.0,0.0
2021-12-28,0.2709599027946537,0.5538641686182669,0.0,0.0
2021-12-29,0.28311057108140947,0.5597189695550351,0.0,0.0
2021-12-30,0.3973268529769137,0.5421545667447307,0.0,0.0
2021-12-31,0.456865127582017,0.5433255269320844,0.0,0.0
2022-01-03,0.5140073081607796,0.5774647887323944,0.0,0.0
2022-01-04,0.4878048780487805,0.63689776733255,0.0,0.0
2022-01-05,0.4725274725274725,0.5258823529411765,0.0,0.0
2022-01-06,0.5006105006105006,0.5435294117647059,0.0,0.0
2022-01-07,0.47496947496947495,0.5035294117647059,0.0,0.0
2022-01-10,0.4810744810744811,0.4894117647058824,0.0,0.0
2022-01-11,0.4475609756097561,0.5334900117508813,0.0,0.0
2022-01-12,0.501219512195122,0.5405405405405406,0.0,0.0
2022-01-13,0.47374847374847373,0.5058823529411764,0.0,0.0
2022-01-14,0.48473748473748474,0.4752941176470588,0.0,0.0
2022-01-18,0.46886446886446886,0.41058823529411764,0.0,0.0
2022-01-19,0.4932844932844933,0.3623529411764706,0.0,0.0
2022-01-20,0.49694749694749696,0.3129411764705882,0.0,0.0
2022-01-21,0.5592185592185592,0.25176470588235295,0.0,0.0
2022-01-24,0.5445665445665445,0.26588235294117646,0.0,0.0
2022-01-25,0.5036585365853659,0.25146886016451236,0.0,0.0
2022-01-26,0.5182926829268293,0.23971797884841364,0.0,0.0
2022-01-27,0.5024390243902439,0.22326674500587543,0.0,0.0
2022-01-28,0.3853658536585366,0.2702702702702703,0.0,0.0
2022-01-31,0.31868131868131866,0.32235294117647056,0.0,0.0
2022-02-01,0.29304029304029305,0.3623529411764706,0.0,0.0
2022-02-02,0.2979242979242979,0.4011764705882353,0.0,0.0
2022-02-03,0.32112332112332115,0.3376470588235294,0.0,0.0
2022-02-04,0.32844932844932845,0.3423529411764706,0.0,0.0
2022-02-07,0.33455433455433453,0.34705882352941175,0.0,0.0
2022-02-08,0.31013431013431014,0.39176470588235296,0.0,0.0
2022-02-09,0.29914529914529914,0.47294117647058825,0.0,0.0
2022-02-10,0.2869352869352869,0.40588235294117647,0.0,0.0
2022-02-11,0.2600732600732601,0.3611764705882353,0.0,0.0
2022-02-14,0.2726161369193154,0.3250883392226148,0.0,0.0
2022-02-15,0.24479804161566707,0.4068396226415094,0.0,0.0
2022-02-16,0.2594859241126071,0.4186320754716981,0.0,0.0
2022-02-17,0.24724602203182375,0.3455188679245283,0.0,0.0
2022-02-18,0.26193390452876375,0.31485849056603776,0.0,0.0
2022-02-22,0.26193390452876375,0.27476415094339623,0.0,0.0
2022-02-23,0.2582619339045288,0.2275943396226415,0.0,0.0
2022-02-24,0.24479804161566707,0.24056603773584906,0.0,0.0
2022-02-25,0.17747858017135862,0.36792452830188677,0.0,0.0
2022-02-28,0.18137254901960784,0.33766233766233766,0.0,0.0
2022-03-01,0.16441717791411042,0.25886524822695034,0.0,0.0
2022-03-02,0.13987730061349693,0.3557919621749409,0.0,0.0
2022-03-03,0.14846625766871166,0.32978723404255317,0.0,0.0
2022-03-04,0.14619164619164618,0.31124260355029587,0.0,0.0
2022-03-07,0.12653562653562653,0.26153846153846155,0.0,0.0
2022-03-08,0.12776412776412777,0.23905325443786982,0.0,0.0
2022-03-09,0.10209102091020911,0.278436018957346,0.0,0.0
2022-03-10,0.11808118081180811,0.2796208530805687,0.0,0.0
2022-03-11,0.12792127921279212,0.25355450236966826,0.0,0.0
2022-03-14,0.13776137761377613,0.23696682464454977,0.0,0.0
