date,Roll_Corr,200dma,correlation_signal
2016-03-16,0.5193846700507555,,
2016-03-17,0.5210187112009298,,
2016-03-18,0.5150562256963541,,
2016-03-21,0.5026553931055839,,
2016-03-22,0.49730061292397787,,
2016-03-23,0.5040700711616474,,
2016-03-24,0.5070423056962265,,
2016-03-28,0.48569339681888507,,
2016-03-29,0.48923550485838163,,
2016-03-30,0.4777011446590277,,
2016-03-31,0.480620243459362,,
2016-04-01,0.47746143096321275,,
2016-04-04,0.4832750428958667,,
2016-04-05,0.47552853778123716,,
2016-04-06,0.4633798404316419,,
2016-04-07,0.46356930778284006,,
2016-04-08,0.4612423759115533,,
2016-04-11,0.4716540534130594,,
2016-04-12,0.44457523095773804,,
2016-04-13,0.44691090671254446,,
2016-04-14,0.435357326335777,,
2016-04-15,0.4414245210053155,,
2016-04-18,0.45018049540186367,,
2016-04-19,0.4347373152302908,,
2016-04-20,0.4144726876528668,,
2016-04-21,0.4232952490274699,,
2016-04-22,0.4260333898166977,,
2016-04-25,0.4215697743329676,,
2016-04-26,0.4043006583038214,,
2016-04-27,0.3814840185272159,,
2016-04-28,0.36844961203569526,,
2016-04-29,0.37004243039939616,,
2016-05-02,0.37679026275259264,,
2016-05-03,0.3742045052330443,,
2016-05-04,0.3673278298354579,,
2016-05-05,0.3679645864190489,,
2016-05-06,0.3602662670982165,,
2016-05-09,0.36220268189601884,,
2016-05-10,0.36690211937960177,,
2016-05-11,0.3467846155338535,,
2016-05-12,0.34540822646011365,,
2016-05-13,0.3509642930807754,,
2016-05-16,0.35737540985635213,,
2016-05-17,0.3648206640739563,,
2016-05-18,0.3467296306020315,,
2016-05-19,0.3462429447729267,,
2016-05-20,0.34944293161029905,,
2016-05-23,0.3254562674995261,,
2016-05-24,0.3377035389922598,,
2016-05-25,0.33486484517061754,,
2016-05-26,0.32628408257908786,,
2016-05-27,0.32583827884385064,,
2016-05-31,0.32760130624704537,,
2016-06-01,0.3286070009989412,,
2016-06-02,0.3297006702260103,,
2016-06-03,0.31769965742486006,,
2016-06-06,0.3183092331663862,,
2016-06-07,0.31862376421732425,,
2016-06-08,0.30784898968716656,,
2016-06-09,0.30800503143774105,,
2016-06-10,0.319197274342532,,
2016-06-13,0.3302845482510058,,
2016-06-14,0.32674871225360225,,
2016-06-15,0.3187556985696142,,
2016-06-16,0.31408052683286347,,
2016-06-17,0.29941638321518144,,
2016-06-20,0.30479924972083466,,
2016-06-21,0.3043005753272684,,
2016-06-22,0.30121981685844335,,
2016-06-23,0.309273359095742,,
2016-06-24,0.3911770588978544,,
2016-06-27,0.4112930704159474,,
2016-06-28,0.4315649275557487,,
2016-06-29,0.4533329389801199,,
2016-06-30,0.467005081120308,,
2016-07-01,0.4642680444179137,,
2016-07-05,0.46569902556406007,,
2016-07-06,0.4662290799145518,,
2016-07-07,0.4648987525238936,,
2016-07-08,0.48155636366990034,,
2016-07-11,0.484298331651897,,
2016-07-12,0.48627708748202186,,
2016-07-13,0.48356102114744864,,
2016-07-14,0.47861790907298707,,
2016-07-15,0.4836985816468999,,
2016-07-18,0.4860186782710638,,
2016-07-19,0.48925541827168784,,
2016-07-20,0.4925668322307425,,
2016-07-21,0.49174093749346437,,
2016-07-22,0.49041590282467035,,
2016-07-25,0.49343139489858956,,
2016-07-26,0.48406732097764676,,
2016-07-27,0.48119664729456096,,
2016-07-28,0.47186306294632463,,
2016-07-29,0.4722764649557991,,
2016-08-01,0.47079710455480844,,
2016-08-02,0.47197912795816094,,
2016-08-03,0.4681047892668455,,
2016-08-04,0.45896684555235473,,
2016-08-05,0.45812781018800175,,
2016-08-08,0.4607401875705348,,
2016-08-09,0.45690452864466147,,
2016-08-10,0.4560111852875416,,
2016-08-11,0.45285418611615097,,
2016-08-12,0.45296676920798795,,
2016-08-15,0.4540822483300165,,
2016-08-16,0.46133599072043757,,
2016-08-17,0.46123747277861127,,
2016-08-18,0.4609603953242771,,
2016-08-19,0.45887766851339573,,
2016-08-22,0.45443810971131426,,
2016-08-23,0.44828099377153885,,
2016-08-24,0.45304141272045184,,
2016-08-25,0.45089873346642545,,
2016-08-26,0.45300669019522194,,
2016-08-29,0.4571870581765167,,
2016-08-30,0.4556667556554562,,
2016-08-31,0.4564789911155772,,
2016-09-01,0.45606205254833854,,
2016-09-02,0.44890318396184853,,
2016-09-06,0.38430352364095927,,
2016-09-07,0.3425544409700827,,
2016-09-08,0.31709826301173566,,
2016-09-09,0.36938346632218283,,
2016-09-12,0.3662798329553226,,
2016-09-13,0.3953886480796041,,
2016-09-14,0.3939929420715565,,
2016-09-15,0.4013380261556894,,
2016-09-16,0.4034179469000552,,
2016-09-19,0.3749059435834405,,
2016-09-20,0.37131597798615346,,
2016-09-21,0.38304495878478306,,
2016-09-22,0.3900241239731953,,
2016-09-23,0.39140427901065794,,
2016-09-26,0.3952453740926458,,
2016-09-27,0.394930851065711,,
2016-09-28,0.3926556007099484,,
2016-09-29,0.40014529917907227,,
2016-09-30,0.40568479677588876,,
2016-10-03,0.4039622114716725,,
2016-10-04,0.4065106448257621,,
2016-10-05,0.40907304260956595,,
2016-10-06,0.40997238321308177,,
2016-10-07,0.41568056614594123,,
2016-10-10,0.42334630338732393,,
2016-10-11,0.43677480833501703,,
2016-10-12,0.435415342911693,,
2016-10-13,0.4348027053437124,,
2016-10-14,0.43862007332743674,,
2016-10-17,0.4345349828834907,,
2016-10-18,0.4370946037237266,,
2016-10-19,0.4401295783648313,,
2016-10-20,0.4378932371707851,,
2016-10-21,0.4377121900430457,,
2016-10-24,0.439772293242378,,
2016-10-25,0.4317780373094935,,
2016-10-26,0.4212735148561543,,
2016-10-27,0.42277093115534076,,
2016-10-28,0.4114782214392156,,
2016-10-31,0.414252311570625,,
2016-11-01,0.4123315183055643,,
2016-11-02,0.4079390472508664,,
2016-11-03,0.4022301191740182,,
2016-11-04,0.40154507184817345,,
2016-11-07,0.4322551965362334,,
2016-11-08,0.42758442174694267,,
2016-11-09,0.40464019774938914,,
2016-11-10,0.38515687196690623,,
2016-11-11,0.3826728898216039,,
2016-11-14,0.37827251427334185,,
2016-11-15,0.3782036729662573,,
2016-11-16,0.37803154320902016,,
2016-11-17,0.3780189519447015,,
2016-11-18,0.3196505596503081,,
2016-11-21,0.3070861128288802,,
2016-11-22,0.2805451197033663,,
2016-11-23,0.2786783286237438,,
2016-11-25,0.27215575038414025,,
2016-11-28,0.2746836363987002,,
2016-11-29,0.27376815762723794,,
2016-11-30,0.2683949844121452,,
2016-12-01,0.2510558513951419,,
2016-12-02,0.24342732785787624,,
2016-12-05,0.24743955765422904,,
2016-12-06,0.24420100877697345,,
2016-12-07,0.25931554020187103,,
2016-12-08,0.2594033961131738,,
2016-12-09,0.24825773246492863,,
2016-12-12,0.24658454457278572,,
2016-12-13,0.2446723669396647,,
2016-12-14,0.2518422077755536,,
2016-12-15,0.25165911674394104,,
2016-12-16,0.24954357318311585,,
2016-12-19,0.2473691522619726,,
2016-12-20,0.24666174829460294,,
2016-12-21,0.23094105464936523,,
2016-12-22,0.23389138826907183,,
2016-12-23,0.2330949123574946,,
2016-12-27,0.2331700024527541,,
2016-12-28,0.24514406679624773,0.39454234991728127,1.0
2016-12-29,0.24355308267189232,0.39316319198038696,1.0
2016-12-30,0.2455425199308603,0.3917858110240367,1.0
2017-01-03,0.2498560418501,0.3904598101048054,1.0
2017-01-04,0.25821108309262286,0.38923758855474055,1.0
2017-01-05,0.25578298396717264,0.38803000040995655,1.0
2017-01-06,0.25339681640992656,0.3867766341361979,1.0
2017-01-09,0.25852579507650353,0.3855340515830993,1.0
2017-01-10,0.2508372740602856,0.3843597709693063,1.0
2017-01-11,0.2534186075991099,0.38318068648300996,1.0
2017-01-12,0.255539177717027,0.38206987664829994,1.0
2017-01-13,0.2482691709657912,0.38090812128583207,1.0
2017-01-17,0.2416208321246416,0.3797289182916392,1.0
2017-01-18,0.23976240301418686,0.37851135509223083,1.0
2017-01-19,0.24566431341508838,0.3773620339704001,1.0
2017-01-20,0.2111859584472233,0.37610106456047804,1.0
2017-01-23,0.21255950647778252,0.37484601555395264,1.0
2017-01-24,0.23163401066808764,0.37369797372773533,1.0
2017-01-25,0.251472678836187,0.37259706685485106,1.0
2017-01-26,0.25412578299420296,0.3716448196150333,1.0
2017-01-27,0.25557207261890963,0.3706881254445652,1.0
2017-01-30,0.261737919869608,0.3698200284122343,1.0
2017-01-31,0.26028473307520134,0.3689143294725838,1.0
2017-02-01,0.25887654627294415,0.3679578097269392,1.0
2017-02-02,0.2555775153241477,0.36706201072740846,1.0
2017-02-03,0.25620774779418254,0.3662706860281151,1.0
2017-02-06,0.2588654502272721,0.36544853703411406,1.0
2017-02-07,0.2604491812681666,0.36462061599137136,1.0
2017-02-08,0.25747910027685283,0.36380016262109083,1.0
2017-02-09,0.2562511481918071,0.3630599150705307,1.0
2017-02-10,0.2565710644275987,0.36243535030003265,1.0
2017-02-13,0.267276687518675,0.3619294856774476,1.0
2017-02-14,0.27219691265622403,0.36144025808873176,1.0
2017-02-15,0.2764437878487309,0.36093852571421237,1.0
2017-02-16,0.2691882284957751,0.360413444330526,1.0
2017-02-17,0.265968493073197,0.3599066476467147,1.0
2017-02-21,0.25075874340083826,0.35932061843162366,1.0
2017-02-22,0.25226486990398383,0.3587806114456525,1.0
2017-02-23,0.2518609906334275,0.35822890298933957,1.0
2017-02-24,0.24817857840277846,0.35763528528445543,1.0
2017-02-27,0.24633133073665722,0.35713301886046944,1.0
2017-02-28,0.22914354212531476,0.3565516954387955,1.0
2017-03-01,0.24224237022981726,0.3560080858245407,1.0
2017-03-02,0.24851460802770634,0.35546378181539745,1.0
2017-03-03,0.24888786608170627,0.3548841178254362,1.0
2017-03-06,0.25578024340069827,0.3544293708894295,1.0
2017-03-07,0.25880969806435666,0.3539922046558866,1.0
2017-03-08,0.255256975302323,0.3535212748743468,1.0
2017-03-09,0.2555450456582579,0.3531717187651405,1.0
2017-03-10,0.2567414483263074,0.3527669083118106,1.0
2017-03-13,0.2387984518056039,0.3522865763449856,1.0
2017-03-14,0.2432761635293557,0.351871536749737,1.0
2017-03-15,0.259081005726547,0.3515377503841504,1.0
2017-03-16,0.25595785266562165,0.3511795331162433,1.0
2017-03-17,0.23888250899509783,0.35073091065622414,1.0
2017-03-20,0.24254479020733474,0.3502951312561307,1.0
2017-03-21,0.26928587451534675,0.3500530623415832,1.0
2017-03-22,0.26575049806327833,0.34979026866606766,1.0
2017-03-23,0.26897674237180225,0.34954203355684,1.0
2017-03-24,0.2712876249828013,0.34935922673331815,1.0
2017-03-27,0.270509791793116,0.349171750535095,1.0
2017-03-28,0.2740766989038969,0.3489461476579019,1.0
2017-03-29,0.27893705010657655,0.34868941016717975,1.0
2017-03-30,0.27766203068306206,0.34844397675932703,1.0
2017-03-31,0.2742172390645726,0.3482212844618018,1.0
2017-04-03,0.2755311679069116,0.34802853766717207,1.0
2017-04-04,0.2745180804073882,0.34790404615313314,1.0
2017-04-05,0.26626830052833844,0.3477113914071706,1.0
2017-04-06,0.2662627633817547,0.34752120234744305,1.0
2017-04-07,0.2709638953362942,0.34736992273983225,1.0
2017-04-10,0.27245364670163613,0.34718582417786176,1.0
2017-04-11,0.26736678715890133,0.346566772819167,1.0
2017-04-12,0.27453798549774283,0.34588299739457595,1.0
2017-04-13,0.28509190574470494,0.3451506322855208,1.0
2017-04-17,0.30004709911243915,0.34438420308618234,1.0
2017-04-18,0.29500251440591674,0.34352419025261044,1.0
2017-04-19,0.2931547635142373,0.342668623848092,1.0
2017-04-20,0.2973989211565424,0.34182712332605447,1.0
2017-04-21,0.29928339511461405,0.3409923949020548,1.0
2017-04-24,0.30469555915668556,0.3401913789352187,1.0
2017-04-25,0.3054389146579096,0.3393107916901588,1.0
2017-04-26,0.2996081873598072,0.3383873409686984,1.0
2017-04-27,0.29597548542962415,0.3374358329584364,1.0
2017-04-28,0.29586966871916576,0.3364973761962949,1.0
2017-05-01,0.2972688714518648,0.3355906310081893,1.0
2017-05-02,0.2874179267207856,0.3346092277335588,1.0
2017-05-03,0.28173578193164883,0.33358781325186165,1.0
2017-05-04,0.27542761019124745,0.3325186742114595,1.0
2017-05-05,0.28589570572963235,0.33148531857895386,1.0
2017-05-08,0.2863318107227825,0.3304582729451005,1.0
2017-05-09,0.2821000282088846,0.3294166935720216,1.0
2017-05-10,0.2819133867727451,0.32835910353139236,1.0
2017-05-11,0.2731787759708621,0.32730466080635845,1.0
2017-05-12,0.2740483520278559,0.3262689193300249,1.0
2017-05-15,0.28016647319553073,0.3253104363812709,1.0
2017-05-16,0.2743996799374681,0.32432105245617926,1.0
2017-05-17,0.29377057804557666,0.3234359198236331,1.0
2017-05-18,0.2962564673477523,0.32255730652058107,1.0
2017-05-19,0.3005712889258677,0.3217196390188761,1.0
2017-05-22,0.30354559802570835,0.3209425327812429,1.0
2017-05-23,0.3012661428876142,0.32015822444474096,1.0
2017-05-24,0.29761640116595284,0.3193426055127181,1.0
2017-05-25,0.27362172767993326,0.3184261915078945,1.0
2017-05-26,0.27549364083832883,0.31752360378564837,1.0
2017-05-30,0.2769940505174507,0.3166443031076549,1.0
2017-05-31,0.27469737386196175,0.31575295613092474,1.0
2017-06-01,0.26773142632800995,0.31482120202091474,1.0
2017-06-02,0.2663477659576983,0.31384626089710105,1.0
2017-06-05,0.26796502598530864,0.3128798986631345,1.0
2017-06-06,0.26974309827688225,0.3119238121778975,1.0
2017-06-07,0.26818408518774955,0.3109703442612693,1.0
2017-06-08,0.2600285268530926,0.30999829634697823,1.0
2017-06-09,0.24955490751576725,0.30900466591569936,1.0
2017-06-12,0.24873822782553312,0.3079831499912247,1.0
2017-06-13,0.2528555039895522,0.3069929338438404,1.0
2017-06-14,0.2493236865725473,0.305974518825727,1.0
2017-06-15,0.2497217902053184,0.30493719248587103,1.0
2017-06-16,0.24586083970722916,0.30388816290612986,1.0
2017-06-19,0.24680666225581938,0.3028398012618311,1.0
2017-06-20,0.25782492258014394,0.3018486156119901,1.0
2017-06-21,0.2568895236247634,0.3008885473103047,1.0
2017-06-22,0.25530018631695894,0.3002435306236847,1.0
2017-06-23,0.2514652441163422,0.29978808463941603,1.0
2017-06-26,0.2416385251160439,0.29941078594993753,1.0
2017-06-27,0.2414583976090835,0.29877116060637204,1.0
2017-06-28,0.24725051385118704,0.29817601401085136,1.0
2017-06-29,0.25667253178281546,0.2974824334293674,1.0
2017-06-30,0.25428305343355506,0.2967838839861774,1.0
2017-07-03,0.252924471880252,0.29604181621480025,1.0
2017-07-05,0.24367299998386122,0.29524309148021927,1.0
2017-07-06,0.25737626593211266,0.2946554430919626,1.0
2017-07-07,0.26627701084696553,0.29413024825626666,1.0
2017-07-10,0.2693364277193045,0.29356170560093925,1.0
2017-07-11,0.26712973843452087,0.29294723367324593,1.0
2017-07-12,0.2716733964487672,0.29234857926043645,1.0
2017-07-13,0.2807724776248047,0.2917762147780973,1.0
2017-07-14,0.28090792145272564,0.2912061001300323,1.0
2017-07-17,0.2858764505576288,0.2906722043792707,1.0
2017-07-18,0.2780021333417621,0.2900614885500842,1.0
2017-07-19,0.28182419996633123,0.28944218556603635,1.0
2017-07-20,0.285739575081675,0.28885107238408636,1.0
2017-07-21,0.2822912838748078,0.2882299755793316,1.0
2017-07-24,0.27920316345657104,0.28758062618356667,1.0
2017-07-25,0.2729859826895809,0.2868956941809491,1.0
2017-07-26,0.2669381026255872,0.2861519818633474,1.0
2017-07-27,0.2592664264048504,0.285331582478435,1.0
2017-07-28,0.22298426961514733,0.28426262978483563,1.0
2017-07-31,0.22271115307589825,0.28319910883565663,1.0
2017-08-01,0.21370009002678045,0.28209359575907206,1.0
2017-08-02,0.20667242148617496,0.2809338574998657,1.0
2017-08-03,0.20592657647167736,0.2797908154678066,1.0
2017-08-04,0.20358212437225967,0.2786232530710493,1.0
2017-08-07,0.2051525723878594,0.27744836804116446,1.0
2017-08-08,0.20496092569321456,0.2762837064837766,1.0
2017-08-09,0.20465004883392987,0.275118395777731,1.0
2017-08-10,0.23592000669624316,0.27409913434500033,1.0
2017-08-11,0.21879238629305797,0.2730342060899182,1.0
2017-08-14,0.2295762033669707,0.2720757195324722,1.0
2017-08-15,0.22712679632187985,0.271097498858305,1.0
2017-08-16,0.22594958925364042,0.27016985569737706,1.0
2017-08-17,0.2549931699456518,0.2693735599892522,1.0
2017-08-18,0.25690086423473896,0.2685964067188981,1.0
2017-08-21,0.2643874456728509,0.26787864871100797,1.0
2017-08-22,0.27626911698862694,0.26724884370008106,0.0
2017-08-23,0.2713413230367365,0.26659782495602385,0.0
2017-08-24,0.27157887112753765,0.2657944433289804,0.0
2017-08-25,0.27338295462376083,0.2650234359933645,0.0
2017-08-28,0.2773884138498341,0.2643871770738667,0.0
2017-08-29,0.2726248478120379,0.26382451695309234,0.0
2017-08-30,0.26287567453154237,0.263225530876642,1.0
2017-08-31,0.2677673865043544,0.2626730052377971,0.0
2017-09-01,0.2706267289128694,0.2621351205175302,0.0
2017-09-05,0.27275632634066604,0.2616087444331884,0.0
2017-09-06,0.2721471349273601,0.2610793853481017,0.0
2017-09-07,0.2599921786630552,0.26078109344316547,1.0
2017-09-08,0.24788356352371405,0.2604850806966396,1.0
2017-09-11,0.25068910944809847,0.26033580064536327,1.0
2017-09-12,0.24778174533948036,0.26018131772894193,1.0
2017-09-13,0.2472299454427962,0.26005668870423526,1.0
2017-09-14,0.24818379286255962,0.2599241894865545,1.0
2017-09-15,0.22879086204752494,0.25969930300865596,1.0
2017-09-18,0.22190498384358617,0.2594668530058131,1.0
2017-09-19,0.22196551948763057,0.25932140134627557,1.0
2017-09-20,0.21967594650285246,0.2592026444395005,1.0
2017-09-21,0.21508955807221933,0.25904089444159045,1.0
2017-09-22,0.21521764553481304,0.2588959776253796,1.0
2017-09-25,0.20975065172527965,0.25864815318299667,1.0
2017-09-26,0.2088717620355262,0.25839549501260844,1.0
2017-09-27,0.20950701088549697,0.2582017414047113,1.0
2017-09-28,0.20303898884859906,0.25798401362609036,1.0
2017-09-29,0.2050423732938543,0.25778586365786127,1.0
2017-10-02,0.20452374469324078,0.2575492713424497,1.0
2017-10-03,0.20516607516533633,0.2573168061345567,1.0
2017-10-04,0.20555423549430535,0.2570968594461126,1.0
2017-10-05,0.20663667727779117,0.25689319707119174,1.0
2017-10-06,0.21444184776748249,0.25673209756855614,1.0
2017-10-09,0.2194251528814391,0.2566745180597165,1.0
2017-10-10,0.2198196889690632,0.25660415956321647,1.0
2017-10-11,0.2234137430877163,0.25655575371686756,1.0
2017-10-12,0.22239796255430438,0.25650189351737535,1.0
2017-10-13,0.22374461551495683,0.2563948962609689,1.0
2017-10-16,0.22600716952376967,0.25630716669522824,1.0
2017-10-17,0.2246914172789309,0.2562029111819686,1.0
2017-10-18,0.2256037276875207,0.2560816496111557,1.0
2017-10-19,0.22347081328302346,0.2559079482621078,1.0
2017-10-20,0.18401567889500575,0.2555491117367469,1.0
2017-10-23,0.188475521487101,0.25522450526213275,1.0
2017-10-24,0.17585431042244426,0.2548111478388625,1.0
2017-10-25,0.18685489774751451,0.2544912359572986,1.0
2017-10-26,0.18120420038610824,0.2541301639212336,1.0
2017-10-27,0.13200652128482993,0.2535125006390726,1.0
2017-10-30,0.1349971399146266,0.2529461404838168,1.0
2017-10-31,0.13360239301773277,0.2524060482882822,1.0
2017-11-01,0.11763960510431272,0.25179543429873286,1.0
2017-11-02,0.1124130539279486,0.2511291780012972,1.0
2017-11-03,0.11153547065188689,0.2506309255623205,1.0
2017-11-06,0.10922677379601126,0.2501142618989116,1.0
2017-11-07,0.10988162848337228,0.24950549998798807,1.0
2017-11-08,0.10829046070671047,0.24878958889734068,1.0
2017-11-09,0.10777695344832652,0.2480578447496113,1.0
2017-11-10,0.10258385670671641,0.2472929036700503,1.0
2017-11-13,0.09997573943999974,0.2464840927679023,1.0
2017-11-14,0.09046013024088563,0.24563496975373073,1.0
2017-11-15,0.09860340404806917,0.24483360404260635,1.0
2017-11-16,0.11084373872404693,0.24410993515960583,1.0
2017-11-17,0.11270022154772268,0.24339239752837355,1.0
2017-11-20,0.09765250471483278,0.24258633280081135,1.0
2017-11-21,0.10019243366905797,0.24178504906281578,1.0
2017-11-22,0.10012611068927618,0.24099828411487792,1.0
2017-11-24,0.10062799151982445,0.24022016833151802,1.0
2017-11-27,0.1010938971888259,0.23944278249532414,1.0
2017-11-28,0.11692249300632877,0.2386910115227624,1.0
2017-11-29,0.11108703213364085,0.2378854621201495,1.0
2017-11-30,0.11717046225021537,0.2370890954921569,1.0
2017-12-01,0.11409306840401529,0.23631361969169812,1.0
2017-12-04,0.10920350052922283,0.2355297947289782,1.0
2017-12-05,0.11885075327385966,0.23487025477834333,1.0
2017-12-06,0.11931179683482447,0.23420548941299757,1.0
2017-12-07,0.12234231401946434,0.23355789602992774,1.0
2017-12-08,0.12709221329798093,0.23295246420440374,1.0
2017-12-11,0.12575826218968122,0.23234959886166887,1.0
2017-12-12,0.1264868211916323,0.23183631525700046,1.0
2017-12-13,0.12519146326756173,0.2312510607221892,1.0
2017-12-14,0.1342967311579526,0.2306799713378404,1.0
2017-12-15,0.14462650638482474,0.23015866453935602,1.0
2017-12-18,0.14960741096295307,0.22962780037716726,1.0
2017-12-19,0.15228452919872928,0.22909517453283915,1.0
2017-12-20,0.15187086097882674,0.22857824396122164,1.0
2017-12-21,0.1505432406188637,0.2280532349360247,1.0
2017-12-22,0.15154016984382432,0.22752722854361226,1.0
2017-12-26,0.15204302990363985,0.22709345143410245,1.0
2017-12-27,0.15218905695601873,0.22663801590123575,1.0
2017-12-28,0.1531975815568679,0.2261085987803874,1.0
2017-12-29,0.1593014654744948,0.2256253168444317,1.0
2018-01-02,0.15953494884549185,0.22522857904368368,1.0
2018-01-03,0.15715155092487434,0.22480161284727143,1.0
2018-01-04,0.15172633584202194,0.2242138151539048,1.0
2018-01-05,0.15554189691289444,0.2236627721481529,1.0
2018-01-08,0.1435278542683553,0.22303552770763563,1.0
2018-01-09,0.14716956140595996,0.22241493738975143,1.0
2018-01-10,0.15143280212875465,0.22181955244142962,1.0
2018-01-11,0.15751034470693662,0.2212367206704448,1.0
2018-01-12,0.15939940821243032,0.22063903246097408,1.0
2018-01-16,0.16828073499026108,0.22009212598251007,1.0
2018-01-17,0.17946162626772869,0.21961834791852586,1.0
2018-01-18,0.184577209045391,0.21916357812421824,1.0
2018-01-19,0.19529318508845353,0.2187674536476236,1.0
2018-01-22,0.19629684722998686,0.2184175963811318,1.0
2018-01-23,0.19788696959192292,0.21807571741218265,1.0
2018-01-24,0.19614672628026888,0.21770163156690253,1.0
2018-01-25,0.19563462543338625,0.21731753646056126,1.0
2018-01-26,0.2002976431823569,0.21698219074067857,1.0
2018-01-29,0.21734659688394536,0.21669623379760958,0.0
2018-01-30,0.22554566613813293,0.2163985025995767,0.0
2018-01-31,0.2164791710690693,0.2159806629593599,0.0
2018-02-01,0.21890330992289475,0.21560016693694475,0.0
2018-02-02,0.2730136747558757,0.21549946149315294,0.0
2018-02-05,0.3895141761410257,0.21596003776807535,0.0
2018-02-06,0.393302082010753,0.21643013120255605,0.0
2018-02-07,0.38916487799480587,0.21685247779674666,0.0
2018-02-08,0.4535911784098538,0.21759323911550638,0.0
2018-02-09,0.4513861552450354,0.21835212895493253,0.0
2018-02-12,0.4674895273281404,0.21920969916442512,0.0
2018-02-13,0.466039992026646,0.22006055078096248,0.0
2018-02-14,0.47110689250725335,0.22092974088623943,0.0
2018-02-15,0.4879731019218186,0.22193251676224462,0.0
2018-02-16,0.4841118832665547,0.22294439726891913,0.0
2018-02-20,0.4873219933319607,0.2240038691846227,0.0
2018-02-21,0.48557494349461433,0.2250022653734476,0.0
2018-02-22,0.4781380333162672,0.22596129648641505,0.0
2018-02-23,0.4885585048882966,0.22699358886981208,0.0
2018-02-26,0.49006819999679424,0.22803436293593238,0.0
2018-02-27,0.5010441668456251,0.22917368989030618,0.0
2018-02-28,0.4932297288850805,0.23026959677459233,0.0
2018-03-01,0.487474050532808,0.23130613466127867,0.0
2018-03-02,0.4851996833275195,0.23236013467822894,0.0
2018-03-05,0.4888155234508438,0.23333535940525527,0.0
2018-03-06,0.4903725525489186,0.23430593983126108,0.0
2018-03-07,0.48905489653838213,0.2352483578693237,0.0
2018-03-08,0.48726661583203784,0.23616696295835532,0.0
2018-03-09,0.49236937616282206,0.23712247912473136,0.0
2018-03-12,0.4912545758122709,0.23809066999796294,0.0
2018-03-13,0.4904440841378844,0.2391747817802527,0.0
2018-03-14,0.4878973439978377,0.24023680029605024,0.0
2018-03-15,0.49190672612509584,0.24131136367408845,0.0
2018-03-16,0.49364162085881014,0.2424060849090727,0.0
2018-03-19,0.5003610863230763,0.24356923320904805,0.0
2018-03-20,0.49774769404339514,0.2447262328494765,0.0
2018-03-21,0.49509566483879835,0.24586188604374398,0.0
2018-03-22,0.5097894893588347,0.24706211799915376,0.0
2018-03-23,0.5183915000468702,0.24831315507344937,0.0
2018-03-26,0.5325636889087224,0.2496758308837275,0.0
2018-03-27,0.5333358590465328,0.2510947356413813,0.0
2018-03-28,0.5297410382644892,0.2524997496935761,0.0
2018-03-29,0.5323494146456226,0.25389721924685643,0.0
2018-04-02,0.5453276153674518,0.255377238890831,0.0
2018-04-03,0.5467466822181206,0.25686236335089496,0.0
2018-04-04,0.5516015729507698,0.2583910670171127,0.0
2018-04-05,0.5527860631154227,0.2599209640214107,0.0
2018-04-06,0.5653810897092794,0.2614587448570564,0.0
2018-04-09,0.566648720636764,0.2630075408421164,0.0
2018-04-10,0.5682557654607936,0.26457231873783554,0.0
2018-04-11,0.5675519804257149,0.2661527524193824,0.0
2018-04-12,0.5663168276663735,0.26777614393213406,0.0
2018-04-13,0.571913316144046,0.26942841852480887,0.0
2018-04-16,0.5776887101681832,0.27108060950639384,0.0
2018-04-17,0.5683561371666107,0.2726390275333128,0.0
2018-04-18,0.5278429553017523,0.27400682704265383,0.0
2018-04-19,0.5269718402356639,0.2753770638844309,0.0
2018-04-20,0.5323066795645504,0.2768202322823343,0.0
2018-04-23,0.4886649344839367,0.27797667562509343,0.0
2018-04-24,0.4853047600397853,0.27907181437105755,0.0
2018-04-25,0.4794911081976582,0.28012258777344934,0.0
2018-04-26,0.47504359556080433,0.2811621570590807,0.0
2018-04-27,0.46880439059540596,0.282147812029814,0.0
2018-04-30,0.4666026201244303,0.28307696274231203,0.0
2018-05-01,0.46584447879467217,0.2840016455290218,0.0
2018-05-02,0.4599697472762624,0.284872112012615,0.0
2018-05-03,0.4557302779867115,0.2857607527358397,0.0
2018-05-04,0.4650468139326129,0.2866768658056711,0.0
2018-05-07,0.4540478692739061,0.2875184072766323,0.0
2018-05-08,0.4492981998107062,0.28835344185631173,0.0
2018-05-09,0.4377872393773393,0.28914636223591555,0.0
2018-05-10,0.4418271984844247,0.28999056831488984,0.0
2018-05-11,0.44329241104197764,0.2908723398569718,0.0
2018-05-14,0.44400724050390655,0.29179604392746705,0.0
2018-05-15,0.4374022004126341,0.2928681335814545,0.0
2018-05-16,0.4372734325278181,0.2939409449787141,0.0
2018-05-17,0.44212531274837713,0.29508307109232207,0.0
2018-05-18,0.4437552030381814,0.2962684850000821,0.0
2018-05-21,0.4391077701372535,0.29743439096840996,0.0
2018-05-22,0.4403826114467416,0.2986183934037824,0.0
2018-05-23,0.4389712302490864,0.2997874866930885,0.0
2018-05-24,0.4375998096850528,0.30095068111304774,0.0
2018-05-25,0.4337820455484696,0.3020963410966204,0.0
2018-05-29,0.4313060375098801,0.3030732712506886,0.0
2018-05-30,0.43249922397630747,0.30414180543910485,0.0
2018-05-31,0.43772591644347103,0.30518255400448735,0.0
2018-06-01,0.44140590777265665,0.30625394956174123,0.0
2018-06-04,0.41634793646416185,0.3072059412977939,0.0
2018-06-05,0.3969850867479445,0.3079159008818053,0.0
2018-06-06,0.36800103785086374,0.3084714017498859,0.0
2018-06-07,0.3594075986242894,0.3089465025146431,0.0
2018-06-08,0.3654554173490779,0.3093924340164454,0.0
2018-06-11,0.355838095371437,0.3098149178781189,0.0
2018-06-12,0.3112517891399738,0.31001328246818105,0.0
2018-06-13,0.30547054806382395,0.31017372043538133,1.0
2018-06-14,0.2948170414818256,0.3102608635735413,1.0
2018-06-15,0.29218270372207394,0.31035865285309155,1.0
2018-06-18,0.2512042090490457,0.31030029552567906,1.0
2018-06-19,0.2543662675640964,0.31023328993097776,1.0
2018-06-20,0.24106074766243635,0.3100854600247256,1.0
2018-06-21,0.245222332358049,0.30994779005481254,1.0
2018-06-22,0.24428467147820182,0.3098084777375667,1.0
2018-06-25,0.25803861487618174,0.30979870991863234,1.0
2018-06-26,0.24769565783437678,0.30979777039018563,1.0
2018-06-27,0.2517114104596234,0.30980288189524324,1.0
2018-06-28,0.2515271965113851,0.3098216091511028,1.0
2018-06-29,0.2496025948274475,0.30983347239802606,1.0
2018-07-02,0.2419354947147359,0.309802230907287,1.0
2018-07-03,0.2416864813177321,0.309866709003638,1.0
2018-07-05,0.2447375822712173,0.3099808719957762,1.0
2018-07-06,0.25209617136580753,0.310131525255167,1.0
2018-07-09,0.25556187533646085,0.3103109548993351,1.0
2018-07-10,0.2574976584165786,0.3105229954010568,1.0
2018-07-11,0.25428971948984835,0.310718355770832,1.0
2018-07-12,0.25865255256720016,0.31096286527504163,1.0
2018-07-13,0.2598767065202731,0.31121788999746536,1.0
2018-07-16,0.26525055341358295,0.3114966077101058,1.0
2018-07-17,0.25353848969796083,0.31174910521435256,1.0
2018-07-18,0.2504930635262925,0.3119763586655148,1.0
2018-07-19,0.2501657804144129,0.3122045688441207,1.0
2018-07-20,0.2506915460558153,0.31243219619857304,1.0
2018-07-23,0.2440918450025033,0.31262488424611407,1.0
2018-07-24,0.24091166993774435,0.3127962592094138,1.0
2018-07-25,0.2425543991794296,0.31293682196647354,1.0
2018-07-26,0.2329135753485042,0.3130042640788088,1.0
2018-07-27,0.23391308987395235,0.31307473108333334,1.0
2018-07-30,0.2323592788349401,0.3131194587620694,1.0
2018-07-31,0.23594380496152903,0.31318718797410555,1.0
2018-08-01,0.23219654355831332,0.3132294476143223,1.0
2018-08-02,0.22736782143307277,0.31323625087386886,1.0
2018-08-03,0.22701266769813258,0.31324785712596487,1.0
2018-08-06,0.22744128636975763,0.31325704491937606,1.0
2018-08-07,0.2278756883455931,0.3132790692946889,1.0
2018-08-08,0.22423311207544963,0.31348015646059113,1.0
2018-08-09,0.20943364065045048,0.3135849470564078,1.0
2018-08-10,0.20275271786879276,0.3137194390936396,1.0
2018-08-13,0.19998062152089288,0.31378506771250647,1.0
2018-08-14,0.20502273914788485,0.31390416040631536,1.0
2018-08-15,0.20722239115554414,0.31428023975566893,1.0
2018-08-16,0.21047821060892305,0.31465764510914046,1.0
2018-08-17,0.2153363307192541,0.3150663147976481,1.0
2018-08-20,0.21488243354317135,0.3155525289398423,1.0
2018-08-21,0.2147487287952135,0.3160642073141786,1.0
2018-08-22,0.21280794421066276,0.31657056968197256,1.0
2018-08-23,0.2122674843100071,0.3170857732345425,1.0
2018-08-24,0.21452726223191715,0.31760900140328524,1.0
2018-08-27,0.2161220443332408,0.3181481593214179,1.0
2018-08-28,0.21669037341193506,0.3186927264212359,1.0
2018-08-29,0.21647047607339417,0.3192621595180693,1.0
2018-08-30,0.22148686014324778,0.3198697151215856,1.0
2018-08-31,0.21778013964011034,0.3205063151685817,1.0
2018-09-04,0.21810800177976394,0.3211038381572402,1.0
2018-09-05,0.19908753113718183,0.3215450571193058,1.0
2018-09-06,0.19993893451122444,0.32198125068412337,1.0
2018-09-07,0.18810497294730052,0.3224335130252857,1.0
2018-09-10,0.1879347094020417,0.32287222440395064,1.0
2018-09-11,0.18815401157994438,0.32331236390840395,1.0
2018-09-12,0.18898201470865122,0.323754134024348,1.0
2018-09-13,0.1893080226708242,0.32419520465175805,1.0
2018-09-14,0.1801995266084379,0.3245115898197686,1.0
2018-09-17,0.17383132319381953,0.3248253112750695,1.0
2018-09-18,0.17243089778738485,0.32510161345275534,1.0
2018-09-19,0.17067068655766202,0.3253845015435236,1.0
2018-09-20,0.16908268270810323,0.325683897454418,1.0
2018-09-21,0.16718879841722867,0.3259255876801348,1.0
2018-09-24,0.17687032133781588,0.3262133803026498,1.0
2018-09-25,0.17491019515205808,0.32647621970831275,1.0
2018-09-26,0.17863754222913264,0.32673394635296854,1.0
2018-09-27,0.17999248184104719,0.32700511745122535,1.0
2018-09-28,0.18164379373398365,0.3272809023139371,1.0
2018-10-01,0.17995421133357686,0.3275547160542672,1.0
2018-10-02,0.1808082083866059,0.3277872734404104,1.0
2018-10-03,0.18057101182207003,0.32796699596759665,1.0
2018-10-04,0.1844775262906994,0.3281413465442354,1.0
2018-10-05,0.1912930225560011,0.32833638901102175,1.0
2018-10-08,0.18418999166819783,0.3284979846644686,1.0
2018-10-09,0.18220426555001884,0.3286562897891244,1.0
2018-10-10,0.2688685133916044,0.32924293150686323,1.0
2018-10-11,0.30338061881261147,0.3299996194514081,1.0
2018-10-12,0.30964881804964406,0.3307869182568763,1.0
2018-10-15,0.31042048664603894,0.33157303278232214,1.0
2018-10-16,0.34673744506687676,0.332510212680284,0.0
2018-10-17,0.34693701760308227,0.333447223024072,0.0
2018-10-18,0.3585119257424589,0.33445402489815995,0.0
2018-10-19,0.3552123024908888,0.3354714547314043,0.0
2018-10-22,0.35157515140739753,0.3364516210038768,0.0
2018-10-23,0.34738530537450735,0.3374709082594075,0.0
2018-10-24,0.3635065845080514,0.33855259337491794,0.0
2018-10-25,0.3725045169177584,0.33965795194886295,0.0
2018-10-26,0.3697447434949996,0.34071912394280335,0.0
2018-10-29,0.3589384632086361,0.3417168192177843,0.0
2018-10-30,0.38455908747630657,0.34279821098021457,0.0
2018-10-31,0.3801341213903436,0.3438015734558277,0.0
2018-11-01,0.38885314125996967,0.3448229531169006,0.0
2018-11-02,0.38305361934959903,0.3457617552882063,0.0
2018-11-05,0.37852351159099745,0.34667288861001133,0.0
2018-11-06,0.37811427593277086,0.3475740251417156,0.0
2018-11-07,0.38753578095518604,0.34853097041509007,0.0
2018-11-08,0.3842212313704199,0.34947390344477525,0.0
2018-11-09,0.3853704477706039,0.35039926746771655,0.0
2018-11-12,0.3897151264290483,0.3512611101154421,0.0
2018-11-13,0.388949209052902,0.3520781278300159,0.0
2018-11-14,0.39158983626821653,0.35295368115601167,0.0
2018-11-15,0.390795239843425,0.3538131408056143,0.0
2018-11-16,0.3910622621449945,0.35440338374255986,0.0
2018-11-19,0.39251009059299424,0.35441836331481974,0.0
2018-11-20,0.40097336933793953,0.35445671975145565,0.0
2018-11-21,0.4022425335799585,0.3545221080293814,0.0
2018-11-23,0.40147135586105315,0.3542615089166374,0.0
2018-11-26,0.4102879739171536,0.35405601800999803,0.0
2018-11-27,0.41052111135384206,0.35377117593012647,0.0
2018-11-28,0.425641989365965,0.35356918591682307,0.0
2018-11-29,0.42865588133419813,0.3533569308609578,0.0
2018-11-30,0.4251142830810052,0.35304263676675385,0.0
2018-12-03,0.42874439453093055,0.3527657993230756,0.0
2018-12-04,0.4558707890561803,0.3526085433016967,0.0
2018-12-06,0.45019381849597173,0.35243163767670355,0.0
2018-12-07,0.45906571380843736,0.3523362760791644,0.0
2018-12-10,0.4579166865734216,0.35218306698759,0.0
2018-12-11,0.45750523673035853,0.3520202521712578,0.0
2018-12-12,0.45824761587188906,0.3518062694163892,0.0
2018-12-13,0.4587345373480729,0.3516337934587041,0.0
2018-12-14,0.4639948880980518,0.3515163976465303,0.0
2018-12-17,0.476548432890824,0.3514731413943468,0.0
2018-12-18,0.4753468347188913,0.3514057979506871,0.0
2018-12-19,0.480575265130336,0.3513568115135942,0.0
2018-12-20,0.48788589330030424,0.35135096649740377,0.0
2018-12-21,0.4794981454032925,0.35131212414526014,0.0
2018-12-24,0.4894754288444451,0.35129765440866817,0.0
2018-12-26,0.5465604353503657,0.3515741837063587,0.0
2018-12-27,0.5480682981154991,0.35186230477624675,0.0
2018-12-28,0.5386468503699061,0.35211605230810705,0.0
2018-12-31,0.5415640709015606,0.3523643390319894,0.0
2019-01-02,0.5355898157999481,0.35257408000669505,0.0
2019-01-03,0.5371430185432348,0.3527579896677959,0.0
2019-01-04,0.5611887275277047,0.35307519483521743,0.0
2019-01-07,0.5657073083786777,0.3534282530529168,0.0
2019-01-08,0.5688478895049998,0.3537235450536476,0.0
2019-01-09,0.5686795395932636,0.3539749852513796,0.0
2019-01-10,0.5698175763692033,0.35416125468868204,0.0
2019-01-11,0.5758072494231109,0.3543736116405649,0.0
2019-01-14,0.5715940955131457,0.3545828769268081,0.0
2019-01-15,0.5775491781391948,0.3548088757442761,0.0
2019-01-16,0.5776245983847245,0.35497036065936244,0.0
2019-01-17,0.5844103210035466,0.3551586788532895,0.0
2019-01-18,0.5922488356276032,0.35536191516667365,0.0
2019-01-22,0.5954697522482207,0.3555753336123377,0.0
2019-01-23,0.5918539558916613,0.3557076979432496,0.0
2019-01-24,0.5902408133063146,0.3558256584065974,0.0
2019-01-25,0.5933739059966469,0.35595124910927667,0.0
2019-01-28,0.5917641703504535,0.3560723100589003,0.0
2019-01-29,0.5908518271839213,0.35619498505648806,0.0
2019-01-30,0.5929987794712157,0.35630041237312393,0.0
2019-01-31,0.5940789279199156,0.35638236346188257,0.0
2019-02-01,0.5929716156732873,0.35650544085441593,0.0
2019-02-04,0.5955636295395347,0.3568440442256049,0.0
2019-02-05,0.5917244688783155,0.35716780736881815,0.0
2019-02-06,0.5915047283333692,0.3574637976126623,0.0
2019-02-07,0.5888263547398018,0.35796460471394154,0.0
2019-02-08,0.5811706206860868,0.3584439340171731,0.0
2019-02-11,0.5828129553802838,0.3589605432530862,0.0
2019-02-12,0.5752216035693285,0.3594614332931288,0.0
2019-02-13,0.5749287682375112,0.35999205518133937,0.0
2019-02-14,0.5747349327947778,0.360532716744691,0.0
2019-02-15,0.5737916764401562,0.36107245273291855,0.0
2019-02-19,0.5516366182762804,0.3615307870879186,0.0
2019-02-20,0.5557659645558071,0.362030965520764,0.0
2019-02-21,0.5439121482924847,0.3624252921925635,0.0
2019-02-22,0.5428427978199735,0.3628692668352938,0.0
2019-02-25,0.543051674277586,0.3633380342076281,0.0
2019-02-26,0.5459077865450944,0.3638786369434669,0.0
2019-02-27,0.5451527286570345,0.36439526459432997,0.0
2019-02-28,0.5379775464754396,0.3648686902714973,0.0
2019-03-01,0.5162990950965468,0.3652301495444605,0.0
2019-03-04,0.5166209169699554,0.36562624312724706,0.0
2019-03-05,0.507078780183598,0.36597526986552603,0.0
2019-03-06,0.5004452134499873,0.366266869369034,0.0
2019-03-07,0.4877108977321727,0.366486647842504,0.0
2019-03-08,0.4522699712980225,0.36655245884830784,0.0
2019-03-11,0.3534204004833048,0.36611764779349065,1.0
2019-03-12,0.35252211005257655,0.3656854021925081,1.0
2019-03-13,0.35117112949511875,0.36525325879155845,1.0
2019-03-14,0.3521724526302164,0.36484521082696714,1.0
2019-03-15,0.3577667056720971,0.3644775141677783,1.0
2019-03-18,0.3439317255178274,0.36403467667548584,1.0
2019-03-19,0.27081909658985037,0.3632001425762177,1.0
2019-03-20,0.2711259240650478,0.3623487426576797,1.0
2019-03-21,0.27295510633409087,0.3616317785070294,1.0
2019-03-22,0.31401499890611073,0.36121692806782024,1.0
2019-03-25,0.31446320345129547,0.3609492388958224,1.0
2019-03-26,0.31722115708019155,0.3607383066881018,1.0
2019-03-27,0.3141513340992119,0.36048178627185257,1.0
2019-03-28,0.3145121422043716,0.3602751565060172,1.0
2019-03-29,0.31765100907869515,0.36030715260571083,1.0
2019-04-01,0.31792347613413185,0.36036941724606236,1.0
2019-04-02,0.306927325903943,0.3604299686681729,1.0
2019-04-03,0.2871914172903429,0.3604050122360143,1.0
2019-04-04,0.2858864339756617,0.3605784233606474,1.0
2019-04-05,0.29123855536744586,0.3607627847996641,1.0
2019-04-08,0.28604392477654095,0.36098770068523456,1.0
2019-04-09,0.29701734380664047,0.3612466757424776,1.0
2019-04-10,0.30521415433267385,0.3615513231567499,1.0
2019-04-11,0.29778607376004895,0.3617500604511693,1.0
2019-04-12,0.2957693740723019,0.3619904290323589,1.0
2019-04-15,0.2994596957818539,0.3622291704589701,1.0
2019-04-16,0.29347229354201354,0.36243889594412315,1.0
2019-04-17,0.2927586827247659,0.3626546763836098,1.0
2019-04-18,0.2922519725290163,0.3629062587726812,1.0
2019-04-22,0.2947052202460157,0.3631713524673226,1.0
2019-04-23,0.304254818740698,0.36346893864967,1.0
2019-04-24,0.3018731717314711,0.36371782365149835,1.0
2019-04-25,0.29430769662619144,0.363911552757947,1.0
2019-04-26,0.29752306584883886,0.3641116797951083,1.0
2019-04-29,0.2979731568185182,0.3643300969817516,1.0
2019-04-30,0.28985590290164526,0.3644861137334239,1.0
2019-05-01,0.29676300365522945,0.36467054521909864,1.0
2019-05-02,0.29634131507515465,0.36482599902740653,1.0
2019-05-03,0.30373368365078085,0.3650769749971706,1.0
2019-05-06,0.3029850919121525,0.3653394351390999,1.0
2019-05-07,0.3225931560140912,0.36570157201709835,1.0
2019-05-08,0.320477667546427,0.36605050262455135,1.0
2019-05-09,0.32240403490017483,0.36644206357403974,1.0
2019-05-10,0.32367634987905014,0.36685588697374627,1.0
2019-05-13,0.3628376777376074,0.36745730336653715,1.0
2019-05-14,0.3722705458530009,0.3681540882190596,0.0
2019-05-15,0.37140263333095175,0.36884153593634467,0.0
2019-05-16,0.36792618750312245,0.36951937047968547,1.0
2019-05-17,0.36787851322895476,0.3701790440210227,1.0
2019-05-20,0.3676496217202231,0.3708563094118322,1.0
2019-05-21,0.3585577792959525,0.37151225920114656,1.0
2019-05-22,0.35813794930063547,0.3721678856091591,1.0
2019-05-23,0.3669794973746959,0.3728655766641838,1.0
2019-05-24,0.36517685454427745,0.37355208249517724,1.0
2019-05-28,0.37257025287831663,0.3742937681991916,1.0
2019-05-29,0.37520528563440014,0.3751226264241113,0.0
2019-05-30,0.3724541904686003,0.37597113378711033,1.0
2019-05-31,0.37311067088577415,0.3768367840339348,1.0
2019-06-03,0.3582698322876109,0.3776030194996334,1.0
2019-06-04,0.36268112351921844,0.37838031316145176,1.0
2019-06-05,0.3617862859678526,0.3791368535382464,1.0
2019-06-06,0.3593019014278711,0.37985668139178946,1.0
2019-06-07,0.3608879992472688,0.38058670922030996,1.0
2019-06-10,0.3595763861138649,0.38131084750690325,1.0
2019-06-11,0.3568622356729806,0.3820311189642148,1.0
2019-06-12,0.35225980777175087,0.38273108058152355,1.0
2019-06-13,0.3560767403360621,0.3834388279720443,1.0
2019-06-14,0.35709239565750595,0.3841436797286656,1.0
2019-06-17,0.35672786893591135,0.3848438672062855,1.0
2019-06-18,0.3549135268175923,0.3855360824600064,1.0
2019-06-19,0.3549066828998453,0.38620318157378947,1.0
2019-06-20,0.351942803688265,0.3868739948940302,1.0
2019-06-21,0.34888958735242037,0.3875279028218934,1.0
2019-06-24,0.35226744816395644,0.3882938024070273,1.0
2019-06-25,0.35500830840142544,0.38906914927647834,1.0
2019-06-26,0.34992455284974944,0.3898782471759906,1.0
2019-06-27,0.35957023368549085,0.39073642479740783,1.0
2019-06-28,0.3685225752039226,0.3916382676155278,1.0
2019-07-01,0.3696045964193475,0.39254138052408133,1.0
2019-07-02,0.3693626200585645,0.39344165351102,1.0
2019-07-03,0.3724377266412077,0.3944028445111838,1.0
2019-07-05,0.37520743052645755,0.395409725047847,1.0
2019-07-08,0.3788418773715507,0.3964417799457678,1.0
2019-07-09,0.3766320717938808,0.3974715868719489,1.0
2019-07-10,0.3771434064560135,0.3985118904906884,1.0
2019-07-11,0.3781814938561584,0.3995668539678831,1.0
2019-07-12,0.37497571032790156,0.40055738091283355,1.0
2019-07-15,0.3801365782414258,0.40158351282828036,1.0
2019-07-16,0.3751177414689918,0.40256591382447965,1.0
2019-07-17,0.3755570025207804,0.40354373642787833,1.0
2019-07-18,0.36113183045107483,0.4044411766114638,1.0
2019-07-19,0.36344272185326554,0.40535861916406224,1.0
2019-07-22,0.3635546436178401,0.4062723513402184,1.0
2019-07-23,0.36088345387274723,0.4071739135504718,1.0
2019-07-24,0.31592431229466733,0.40783114748049165,1.0
2019-07-25,0.31317187427338994,0.40844054173907857,1.0
2019-07-26,0.31229936620284965,0.40908108861175185,1.0
2019-07-29,0.3097879224991487,0.40971900689649743,1.0
2019-07-30,0.2999992116137803,0.40987466038760834,1.0
2019-07-31,0.30325100751468126,0.40987401233111875,1.0
2019-08-01,0.29744863773065106,0.40981301142952375,1.0
2019-08-02,0.2925832867656388,0.40972382543012176,1.0
2019-08-05,0.3449057043863808,0.40971466672671925,1.0
2019-08-06,0.35268787751735553,0.4097434210262906,1.0
2019-08-07,0.3431556187154095,0.40966663949115534,1.0
2019-08-08,0.3555606209367577,0.4096683810833847,1.0
2019-08-09,0.3644643373909353,0.40973282701330244,1.0
2019-08-12,0.37298844476914833,0.4098608427102757,1.0
2019-08-13,0.38401594301173625,0.4099633895027941,1.0
2019-08-14,0.41822693791385585,0.4101920016077746,0.0
2019-08-15,0.4157144061618056,0.41042184992110853,0.0
2019-08-16,0.43089353171712863,0.41078162526365103,0.0
2019-08-19,0.4367650577079882,0.4110426551148094,0.0
2019-08-20,0.4404066494906227,0.4113440177553108,0.0
2019-08-21,0.44333574261420994,0.411616430762082,0.0
2019-08-22,0.4434904460574649,0.41191861489562137,0.0
2019-08-23,0.4735809425484136,0.41239390205040843,0.0
2019-08-26,0.4784243245925988,0.4128954522937076,0.0
2019-08-27,0.4813250227700056,0.41336439850278167,0.0
2019-08-28,0.48530191642204007,0.4138698019280398,0.0
2019-08-29,0.49029246369624985,0.414394412007668,0.0
2019-08-30,0.48880893546351134,0.4148898810528403,0.0
2019-09-03,0.48607042214673374,0.4153754871183095,0.0
2019-09-04,0.490779189137585,0.41587143388265635,0.0
2019-09-05,0.48615061133393,0.41634821074010886,0.0
2019-09-06,0.493030352934452,0.41685805119405617,0.0
2019-09-09,0.47870703087548633,0.4172890358954686,0.0
2019-09-10,0.46545059031884545,0.4176114220003732,0.0
2019-09-11,0.46803967259738,0.4179404076954602,0.0
2019-09-12,0.4690152680214925,0.41827812725626246,0.0
2019-09-13,0.46151659694310243,0.4185342703713921,0.0
2019-09-16,0.4568478137883419,0.4187659038835647,0.0
2019-09-17,0.45342059012868935,0.41890479688737836,0.0
2019-09-18,0.45476844649120907,0.41903535971316336,0.0
2019-09-19,0.4558125657460515,0.41918885112648857,0.0
2019-09-20,0.4579565997034619,0.41933491215235125,0.0
2019-09-23,0.45858776038850746,0.4193484970090129,0.0
2019-09-24,0.4588054094385898,0.419391554963726,0.0
2019-09-25,0.46050795510803094,0.4193987661702239,0.0
2019-09-26,0.4604688823609887,0.4194115271491618,0.0
2019-09-27,0.4613346431667158,0.41943067418134355,0.0
2019-09-30,0.46295822114252055,0.4194542272076967,0.0
2019-10-01,0.4698293876521745,0.4195097014592173,0.0
2019-10-02,0.4837361522436083,0.41960840777994507,0.0
2019-10-03,0.4863753204107559,0.41965754221754464,0.0
2019-10-04,0.49347283333137243,0.4197481722106071,0.0
2019-10-07,0.4946964462401809,0.4198187781161563,0.0
2019-10-08,0.5017932881831144,0.41988831509057034,0.0
2019-10-09,0.5104043650001573,0.42004284618855464,0.0
2019-10-10,0.5097171274458876,0.4201440546815619,0.0
2019-10-11,0.5185724253899554,0.42000411463175985,0.0
2019-10-14,0.5262671215542207,0.41989510874895347,0.0
2019-10-15,0.4943733485098301,0.41967374123965306,0.0
2019-10-16,0.49115953269818724,0.41942171854863625,0.0
2019-10-17,0.4965963151028318,0.41922675104515067,0.0
2019-10-18,0.48484312173368216,0.41896525156110287,0.0
2019-10-21,0.48217957349083257,0.4185702057909185,0.0
2019-10-22,0.46843991616616165,0.41808386882985593,0.0
2019-10-23,0.46119522627487364,0.4175456055137053,0.0
2019-10-24,0.4033754469464704,0.41671908505047134,1.0
2019-10-25,0.4037973208400181,0.4158889837728254,1.0
2019-10-28,0.3860077591768346,0.41493998632159396,1.0
2019-10-29,0.37615325763070523,0.4139627821321818,1.0
2019-10-30,0.3672465116551522,0.41291126879976153,1.0
2019-10-31,0.3634708497554042,0.41184050005661504,1.0
2019-11-01,0.3677784933826203,0.4107573409185104,1.0
2019-11-04,0.3091240291708887,0.40934171688622684,1.0
2019-11-05,0.3005563116804019,0.4078671496833877,1.0
2019-11-06,0.29406692710540144,0.4063782145394564,1.0
2019-11-07,0.2856445082713117,0.4048552330142814,1.0
2019-11-08,0.2750283944956624,0.40326350545677647,1.0
2019-11-11,0.27516862076345266,0.40168052770884155,1.0
2019-11-12,0.27514132725815094,0.4001019752092126,1.0
2019-11-13,0.2631930711002507,0.3984529466673578,1.0
2019-11-14,0.2584269583814124,0.3967746868196652,1.0
2019-11-15,0.25970367549615153,0.3951083471187796,1.0
2019-11-18,0.26634163721256626,0.39346223715714473,1.0
2019-11-19,0.26995057918854987,0.3918533677086959,1.0
2019-11-20,0.2635153017702263,0.39021342057588015,1.0
2019-11-21,0.2656974697624275,0.38859777615099333,1.0
2019-11-22,0.26861437688988404,0.38703499493201227,1.0
2019-11-25,0.2798396469023319,0.3855201283896226,1.0
2019-11-26,0.28156858966209086,0.38405186332008634,1.0
2019-11-27,0.2822203346322275,0.38258832115205993,1.0
2019-11-29,0.2869492435979506,0.38114939270607584,1.0
2019-12-02,0.29270397920414626,0.37974395421989576,1.0
2019-12-03,0.2946512419726273,0.37845902733837744,1.0
2019-12-04,0.29201858911114004,0.3771402904611542,1.0
2019-12-05,0.2909619173788526,0.375875539306586,1.0
2019-12-06,0.2968822537372992,0.3746457365861726,1.0
2019-12-09,0.29372872022357366,0.37339912181590257,1.0
2019-12-10,0.2932154925734618,0.3721356603460444,1.0
2019-12-11,0.2725823366224053,0.3707728083858713,1.0
2019-12-12,0.23447809935900257,0.36925531115028903,1.0
2019-12-13,0.23307419746948563,0.36783918666215376,1.0
2019-12-16,0.22164915292297682,0.3663643278419189,1.0
2019-12-17,0.21832152858827555,0.36492054158394227,1.0
2019-12-18,0.18193311169933804,0.36332798107518904,1.0
2019-12-19,0.1754041440304783,0.3617664473066806,1.0
2019-12-20,0.1750403982843772,0.3603802994416123,1.0
2019-12-23,0.15758192891684697,0.35940110708378,1.0
2019-12-24,0.15450299477081522,0.35841101150737115,1.0
2019-12-26,0.15081378844656873,0.35740922480212844,1.0
2019-12-27,0.1518420314622405,0.35640757269628864,1.0
2019-12-30,0.15425416657520755,0.3553900100008041,1.0
2019-12-31,0.15621112106681215,0.3544514069785491,1.0
2020-01-02,0.1494455469788251,0.35384453923049397,1.0
2020-01-03,0.15680787277848876,0.3532729489740612,1.0
2020-01-06,0.15710847853688933,0.35269371583507514,1.0
2020-01-07,0.1622232529454817,0.35193475710527194,1.0
2020-01-08,0.16500800244190025,0.351187481100225,1.0
2020-01-09,0.1669938270670337,0.35043634445015925,1.0
2020-01-10,0.16906571570251425,0.34971091635817575,1.0
2020-01-13,0.17927793062222763,0.349034745300265,1.0
2020-01-14,0.1752592892089488,0.34832278670091626,1.0
2020-01-15,0.16174312932140136,0.3475418849668527,1.0
2020-01-16,0.18012763660142483,0.34690788652034,1.0
2020-01-17,0.1844531633927253,0.34639419525085197,1.0
2020-01-21,0.18701199342138863,0.3458998230480806,1.0
2020-01-22,0.19162979323065116,0.3454017792373966,1.0
2020-01-23,0.19075343122310903,0.3449253267696295,1.0
2020-01-24,0.20957099771793,0.34448809503918587,1.0
2020-01-27,0.23971529191625005,0.3441606007271038,1.0
2020-01-28,0.2508334158887607,0.34392583743774735,1.0
2020-01-29,0.24994457814275126,0.34369671345809955,1.0
2020-01-30,0.2442486511515087,0.34342065823494783,1.0
2020-01-31,0.2878054817465263,0.34339232417597043,1.0
2020-02-03,0.2930176560648636,0.34339361904267096,1.0
2020-02-04,0.30775944542319655,0.3434711564071419,1.0
2020-02-05,0.3078970065315882,0.34353711533856973,1.0
2020-02-06,0.30272293780353543,0.3435294559338839,1.0
2020-02-07,0.301897358023409,0.3435295768653435,1.0
2020-02-10,0.3053886847835831,0.34358498180613056,1.0
2020-02-11,0.30203755984498487,0.3436075542761112,1.0
2020-02-12,0.29535127270943307,0.3435944448555659,1.0
2020-02-13,0.2857514862893303,0.34357392277250426,1.0
2020-02-14,0.2796084035480891,0.3434881497719685,1.0
2020-02-18,0.27696465684186433,0.3433912664808021,1.0
2020-02-19,0.27427327083912323,0.3432439644167438,1.0
2020-02-20,0.2658161268653939,0.34305811959151,1.0
2020-02-21,0.2711604715762483,0.3428009561693208,1.0
2020-02-24,0.34470303373377387,0.3429220830002575,0.0
2020-02-25,0.4271578160318207,0.34344585190591576,0.0
2020-02-26,0.43743549843337637,0.34401464764868733,0.0
2020-02-27,0.49776281439236725,0.3446892733319612,0.0
2020-02-28,0.48663605287065687,0.3452611008670495,0.0
2020-03-02,0.524832324021357,0.34602824932050147,0.0
2020-03-03,0.5328554535166453,0.34685289565056915,0.0
2020-03-04,0.5668429761848914,0.34784771796534875,0.0
2020-03-05,0.583298567732228,0.3489259626954088,0.0
2020-03-06,0.5843779275582924,0.35005506343672055,0.0
2020-03-09,0.6761549075242369,0.3516451482278385,0.0
2020-03-10,0.6895230952859096,0.35325786621739463,0.0
2020-03-11,0.7201264625016988,0.35503261425718174,0.0
2020-03-12,0.778734036427466,0.35706343317492745,0.0
2020-03-13,0.7856669825208874,0.3591157416593599,0.0
2020-03-16,0.8060563524491224,0.36128375246926253,0.0
2020-03-17,0.7863118561627946,0.36334975839564754,0.0
2020-03-18,0.7865140740823867,0.3654909796046215,0.0
2020-03-19,0.7665776737789942,0.36751046235592033,0.0
2020-03-20,0.7529906814959355,0.3694664843335607,0.0
2020-03-23,0.7378884330318227,0.37135941699158054,0.0
2020-03-24,0.7563871992403131,0.37333691299154576,0.0
2020-03-25,0.7486849465645796,0.37528245579379926,0.0
2020-03-26,0.7504304405731764,0.3772502968183003,0.0
2020-03-27,0.7476680214880971,0.37922733788688207,0.0
2020-03-30,0.7426209050180167,0.3811600587102918,0.0
2020-03-31,0.739025447783471,0.38306972397092165,0.0
2020-04-01,0.7415415814872701,0.38499379253367844,0.0
2020-04-02,0.7379820951650314,0.3869091353754156,0.0
2020-04-03,0.736326115535766,0.3888162325385952,0.0
2020-04-06,0.7448713749227279,0.3907808753947675,0.0
2020-04-07,0.742657311435186,0.3927497140151814,0.0
2020-04-08,0.7446162217913502,0.3947114578833184,0.0
2020-04-09,0.7439241405357193,0.39665603704398983,0.0
2020-04-13,0.7428310161728279,0.3986205693606052,0.0
2020-04-14,0.7426166763729642,0.40053580157404256,0.0
2020-04-15,0.7427424161787394,0.4024069007789166,0.0
2020-04-16,0.7410651377201348,0.4042642034854206,0.0
2020-04-17,0.742777064600464,0.40613127570813007,0.0
2020-04-20,0.7426839845333718,0.4079825069975909,0.0
2020-04-21,0.7429268874927476,0.40982110428242235,0.0
2020-04-22,0.7420697393205987,0.4116372435921676,0.0
2020-04-23,0.7411042387761568,0.41345960442707896,0.0
2020-04-24,0.7412174187578308,0.41527997448858806,0.0
2020-04-27,0.7415165886345362,0.41709664996247997,0.0
2020-04-28,0.7391295340740802,0.41891741908121083,0.0
2020-04-29,0.7383681218376201,0.4207085767991919,0.0
2020-04-30,0.7389923040895676,0.4225279496122947,0.0
2020-05-01,0.7399608291522786,0.4243499687454522,0.0
2020-05-04,0.7395725661955282,0.42624217242417445,0.0
2020-05-05,0.7362303541573801,0.428106110585695,0.0
2020-05-06,0.7331237989047246,0.42995395636212946,0.0
2020-05-07,0.7322162628030175,0.43181062040678087,0.0
2020-05-08,0.7313719129709939,0.4338878584101624,0.0
2020-05-11,0.730982259096626,0.43597691033427866,0.0
2020-05-12,0.7297709846370254,0.43806426842644947,0.0
2020-05-13,0.7304491489932429,0.44016757455891997,0.0
2020-05-14,0.7285046022360121,0.44231010151203115,0.0
2020-05-15,0.7275490591675199,0.4444315917702953,0.0
2020-05-18,0.7283504079297918,0.446586100621291,0.0
2020-05-19,0.719060854854153,0.44871848846173357,0.0
2020-05-20,0.7176021684850726,0.45058197078222706,0.0
2020-05-21,0.7077450409053676,0.45235725659916715,0.0
2020-05-22,0.6796205396133619,0.45403958120365684,0.0
2020-05-26,0.6707061144255162,0.45561530867110067,0.0
2020-05-27,0.6286752721309896,0.4569363633448009,0.0
2020-05-28,0.6389567555880963,0.45826620489889563,0.0
2020-05-29,0.6150781192214395,0.45942151577994417,0.0
2020-06-01,0.6299770474255451,0.46048026632750266,0.0
2020-06-02,0.6314460703663283,0.46155892464852527,0.0
2020-06-03,0.6364189821718444,0.46258655190079884,0.0
2020-06-04,0.5936021125127182,0.46337073717482247,0.0
2020-06-05,0.6012954109721367,0.46417518098223004,0.0
2020-06-08,0.5885014703979918,0.46490100962114894,0.0
2020-06-09,0.5888850985546312,0.46562798288363483,0.0
2020-06-10,0.6001230042137764,0.4662606931919616,0.0
2020-06-11,0.6359690543059489,0.4670484168405283,0.0
2020-06-12,0.6189403657001318,0.46773649355517904,0.0
2020-06-15,0.626034290387587,0.4684401554250067,0.0
2020-06-16,0.6255840604685851,0.4691166134088684,0.0
2020-06-17,0.5955974464189443,0.4696505559636456,0.0
2020-06-18,0.5997696727850431,0.4702190522168371,0.0
2020-06-19,0.5889547890319519,0.4707099302163089,0.0
2020-06-22,0.5892043228221922,0.47122519877375024,0.0
2020-06-23,0.5885650181180353,0.47170287209966816,0.0
2020-06-24,0.5972493765204033,0.4722955838278928,0.0
2020-06-25,0.5879338222270016,0.47290799998743355,0.0
2020-06-26,0.5968495831729616,0.47355204954031144,0.0
2020-06-29,0.5921894087756503,0.4741679202440822,0.0
2020-06-30,0.5916601336610178,0.47481863792767187,0.0
2020-07-01,0.5803485634970005,0.4754361416762151,0.0
2020-07-02,0.583078441770516,0.47608443093442415,0.0
2020-07-06,0.5871213418710273,0.47674619541132335,0.0
2020-07-07,0.5886208597390656,0.47741023688128836,0.0
2020-07-08,0.5823477433449616,0.4780321925994959,0.0
2020-07-09,0.5891844948182821,0.4786851762716448,0.0
2020-07-10,0.5883482021907772,0.47933289023540565,0.0
2020-07-13,0.5813850258102721,0.4799372755889169,0.0
2020-07-14,0.5708343966576986,0.4804891031604005,0.0
2020-07-15,0.5745655596300419,0.48105525774271707,0.0
2020-07-16,0.577221166795197,0.48162657247098045,0.0
2020-07-17,0.5785425507888263,0.48217013828666366,0.0
2020-07-20,0.5790319261843616,0.4826466171563675,0.0
2020-07-21,0.5727857752741687,0.4830786694306846,0.0
2020-07-22,0.5754427313216635,0.483488518920636,0.0
2020-07-23,0.5677906913837251,0.48385399014635366,0.0
2020-07-24,0.5571435623738603,0.48413074151730745,0.0
2020-07-27,0.5565875015234468,0.48436165719992397,0.0
2020-07-28,0.5570090928234055,0.4845981170268115,0.0
2020-07-29,0.5398400663996596,0.48470445523186,0.0
2020-07-30,0.5385590442516817,0.4847659148453473,0.0
2020-07-31,0.5356900617508658,0.48497249841155254,0.0
2020-08-03,0.5334678343292737,0.48518403991970793,0.0
2020-08-04,0.5325441815155708,0.48536377925177165,0.0
2020-08-05,0.5299107927854311,0.4855891176070304,0.0
2020-08-06,0.5231898028791868,0.48579416875397213,0.0
2020-08-07,0.5171390139094239,0.4860376642426884,0.0
2020-08-10,0.5184369599578674,0.4863238729111034,0.0
2020-08-11,0.5182717724522563,0.4868983545386324,0.0
2020-08-12,0.5183228120654941,0.4874709819947598,0.0
2020-08-13,0.5177245891698274,0.48812956614472475,0.0
2020-08-14,0.5245456312114093,0.4888715280126283,0.0
2020-08-17,0.51820293286984,0.4896263101187017,0.0
2020-08-18,0.5171872352355229,0.4903948920461022,0.0
2020-08-19,0.5106917622356371,0.4911094583903673,0.0
2020-08-20,0.5064120931380325,0.49209589871020304,0.0
2020-08-21,0.3824256804634047,0.49250524555411807,1.0
2020-08-24,0.3785900108381996,0.4929278609727821,1.0
2020-08-25,0.37564714434865204,0.49337787415316875,1.0
2020-08-26,0.36542461583805547,0.4938298552598807,1.0
2020-08-27,0.361781624445787,0.49426292027829233,1.0
2020-08-28,0.3631792687223955,0.4947031099856137,1.0
2020-08-31,0.3646066385965585,0.4952101778230951,1.0
2020-09-01,0.3631354202035615,0.4957337201322059,1.0
2020-09-02,0.3689425267646616,0.4962799143885484,1.0
2020-09-03,0.35042351765659985,0.49670032379076867,1.0
2020-09-04,0.3513901275450462,0.49710752153255117,1.0
2020-09-08,0.34682390871537316,0.4975240645672768,1.0
2020-09-09,0.3379547542807302,0.49788535098986836,1.0
2020-09-10,0.3453231739935242,0.49826889497538657,1.0
2020-09-11,0.35039182489287385,0.49862165586533924,1.0
2020-09-14,0.3594785981389256,0.4990112059077235,1.0
2020-09-15,0.3526205786237397,0.499363207127681,1.0
2020-09-16,0.34181626257439207,0.4996375422225632,1.0
2020-09-17,0.3456074031308901,0.4999020593421969,1.0
2020-09-18,0.3412475181609001,0.5001350407231383,1.0
2020-09-21,0.3562226365068529,0.5004560609601169,1.0
2020-09-22,0.35543124990232616,0.5007784076227342,1.0
2020-09-23,0.36864707924293394,0.5011372317502624,1.0
2020-09-24,0.3465324900545872,0.5014012505994175,1.0
2020-09-25,0.35445031954390843,0.5017074247342697,1.0
2020-09-28,0.37086061578973883,0.5021988161301063,1.0
2020-09-29,0.37426054577428247,0.5028977283621828,1.0
2020-09-30,0.37403388734259163,0.5036025268115484,1.0
2020-10-01,0.3735310025848596,0.5043619360598577,1.0
2020-10-02,0.3763377039736179,0.5051520169367845,1.0
2020-10-05,0.38626344258165457,0.506173668591196,1.0
2020-10-06,0.392521487581613,0.5072592553089517,1.0
2020-10-07,0.40505005049605586,0.5084093035700101,1.0
2020-10-08,0.40386781130740435,0.5096407329819628,1.0
2020-10-09,0.4019824900031856,0.5108781304581247,1.0
2020-10-12,0.40345342581524984,0.5121413286449681,1.0
2020-10-13,0.4100116264001188,0.5134321766196575,1.0
2020-10-14,0.411922474166382,0.5147205181576134,1.0
2020-10-15,0.4149218909116773,0.5160140720068377,1.0
2020-10-16,0.41913937722522926,0.5173625411580697,1.0
2020-10-19,0.42716618102742776,0.5187143326993144,1.0
2020-10-20,0.42875706087665033,0.5200725756110133,1.0
2020-10-21,0.432393284933003,0.5214234257709509,1.0
2020-10-22,0.4321833688033354,0.522759302602758,1.0
2020-10-23,0.43313052524709644,0.5240899860936583,1.0
2020-10-26,0.45284051937483893,0.5255088601120199,1.0
2020-10-27,0.45438931281872363,0.5268844170230025,1.0
2020-10-28,0.48119843486245206,0.5284141127512699,1.0
2020-10-29,0.48060124354468325,0.5300084033223863,1.0
2020-10-30,0.4785141943437889,0.5315003361110981,1.0
2020-11-02,0.4876222558231765,0.5330161815732505,1.0
2020-11-03,0.49668360485384794,0.5345645396304127,1.0
2020-11-04,0.4783241042072916,0.5359980111852959,1.0
2020-11-05,0.48609628004453576,0.537474725429403,1.0
2020-11-06,0.48459298930014466,0.5388498353873142,1.0
2020-11-09,0.4377041462322676,0.5398397796588942,1.0
2020-11-10,0.43210698977930173,0.5407461475283469,1.0
2020-11-11,0.43010994468118735,0.5416469743610391,1.0
2020-11-12,0.43318760901956377,0.5425916691503794,1.0
2020-11-13,0.4301263223412087,0.5433032733533527,1.0
2020-11-16,0.4356565249210333,0.5440164676976337,1.0
2020-11-17,0.4237023088541373,0.5445961820147883,1.0
2020-11-18,0.42300162540130026,0.5451717051091368,1.0
2020-11-19,0.41620957730995767,0.545739138306669,1.0
2020-11-20,0.417064284283701,0.5463149729379705,1.0
2020-11-23,0.4117089576134276,0.5468465743021197,1.0
2020-11-24,0.4153081232165361,0.5474129271189775,1.0
2020-11-25,0.4160483776520862,0.5480164126436907,1.0
2020-11-27,0.413698878323142,0.5486561496038598,1.0
2020-11-30,0.41050155856368703,0.5493106153789378,1.0
2020-12-01,0.3960783407353072,0.549906183798405,1.0
2020-12-02,0.39553572813884563,0.5505124960849036,1.0
2020-12-03,0.3759633134564539,0.5510632320178589,1.0
2020-12-04,0.37914868731907736,0.551603173096573,1.0
2020-12-07,0.37808667179447514,0.5517700912868766,1.0
2020-12-08,0.3700010518636839,0.5514843074660358,1.0
2020-12-09,0.3684353334856713,0.5511393066412974,1.0
2020-12-10,0.3675735180348862,0.55048836015951,1.0
2020-12-11,0.37132090148166635,0.5499117844025649,1.0
2020-12-14,0.37422551644989005,0.5491587503647076,1.0
2020-12-15,0.3734651438067977,0.5483617988161584,1.0
2020-12-16,0.36990770622741287,0.547377122466371,1.0
2020-12-17,0.36489808780688804,0.5462851200667443,1.0
2020-12-18,0.36234467270140025,0.5451749537924598,1.0
2020-12-21,0.3640350067770659,0.5436143542887241,1.0
2020-12-22,0.363273113761677,0.5419831043811029,1.0
2020-12-23,0.3614566138043028,0.5401897551376158,1.0
2020-12-24,0.36142804587908217,0.5381032251848739,1.0
2020-12-28,0.36106918840721003,0.5359802362143056,1.0
2020-12-29,0.3631603487598134,0.533765756195859,1.0
2020-12-30,0.35641429989404666,0.5316162684145153,1.0
2020-12-31,0.35612045135944,0.5294643003009005,1.0
2021-01-04,0.3615232647952452,0.5274390282559818,1.0
2021-01-05,0.36472047388363726,0.5254976772179203,1.0
2021-01-06,0.3703858532205424,0.5236601643188639,1.0
2021-01-07,0.3487037809015056,0.5216217472271699,1.0
2021-01-08,0.34423010290289735,0.5195994730088614,1.0
2021-01-11,0.3039695830777516,0.5173671687213843,1.0
2021-01-12,0.3039658708927454,0.5151486579684076,1.0
2021-01-13,0.29990715136361223,0.5129350892001355,1.0
2021-01-14,0.28940733765061216,0.5106869986494712,1.0
2021-01-15,0.2810759696089987,0.5083846705900799,1.0
2021-01-19,0.2894532813761796,0.5061420265211357,1.0
2021-01-20,0.27758103364842635,0.5038483011116989,1.0
2021-01-21,0.281506263794028,0.5015314755560554,1.0
2021-01-22,0.3186435870041984,0.4994114069339005,1.0
2021-01-25,0.3204849254881628,0.4972907504523845,1.0
2021-01-26,0.31812881374401974,0.4951617738184261,1.0
2021-01-27,0.3240062937510966,0.49306765020631743,1.0
2021-01-28,0.30253069466059457,0.4908672202977556,1.0
2021-01-29,0.3058915415393564,0.4886829659245586,1.0
2021-02-01,0.31554967939584266,0.4865553886329371,1.0
2021-02-02,0.3105665904629907,0.4843943362622498,1.0
2021-02-03,0.3092737173703673,0.48222728492643474,1.0
2021-02-04,0.31119668624979796,0.48006863392022003,1.0
2021-02-05,0.30640425004209854,0.4778903064738276,1.0
2021-02-08,0.30420898451259115,0.4757058302025097,1.0
2021-02-09,0.3026681382487857,0.47351308379996454,1.0
2021-02-10,0.3023688797185236,0.47131734525538443,1.0
2021-02-11,0.2969079881061761,0.4691062375255449,1.0
2021-02-12,0.29635269997999486,0.46689616041625676,1.0
2021-02-16,0.2956172560933496,0.4646792851762757,1.0
2021-02-17,0.29590942024766526,0.46245902813175266,1.0
2021-02-18,0.2901707300688784,0.4602120189511194,1.0
2021-02-19,0.28811539992061114,0.4579714441799355,1.0
2021-02-22,0.2820131907523903,0.4557158911391738,1.0
2021-02-23,0.2800226707216023,0.4534549231787668,1.0
2021-02-24,0.28663770396896976,0.45123125213375664,1.0
2021-02-25,0.3187097042914625,0.4491698893597308,1.0
2021-02-26,0.3150037926469726,0.4470960533997806,1.0
2021-03-01,0.32380308391788004,0.4450628230744038,1.0
2021-03-02,0.32377942145500405,0.4430391971704987,1.0
2021-03-03,0.3227024948629631,0.44101496434897597,1.0
2021-03-04,0.33325937537754097,0.4390395091862147,1.0
2021-03-05,0.34445678000721464,0.43716648881198006,1.0
2021-03-08,0.34170595204597876,0.4352870077297845,1.0
2021-03-09,0.3376523407860024,0.43343654422918765,1.0
2021-03-10,0.34003220155343067,0.43173860253888807,1.0
2021-03-11,0.34104163736390414,0.43009028015358,1.0
2021-03-12,0.3386904888462851,0.4286403562371565,1.0
2021-03-15,0.339099617884626,0.4271410705486391,1.0
2021-03-16,0.34391349648329744,0.42578524743494844,1.0
2021-03-17,0.33296274243405677,0.4243001759099909,1.0
2021-03-18,0.3386654169104744,0.4228362726427117,1.0
2021-03-19,0.3254399673378081,0.4212813775685415,1.0
2021-03-22,0.32470947570895237,0.4199369143845227,1.0
2021-03-23,0.3369380912116317,0.41861512778572013,1.0
2021-03-24,0.3375541895658258,0.4173603913815594,1.0
2021-03-25,0.3416873036704057,0.41612440240713816,1.0
2021-03-26,0.3484650954126665,0.41486611286313263,1.0
2021-03-29,0.35238583863488665,0.41344819678477734,1.0
2021-03-30,0.35015131164473673,0.4121042515145003,1.0
2021-03-31,0.3499621274280713,0.4107238906997028,1.0
2021-04-01,0.35408025261108206,0.4093663716604153,1.0
2021-04-05,0.354330811903943,0.40816003848784027,1.0
2021-04-06,0.35369489226113116,0.40692966458522073,1.0
2021-04-07,0.35825596709707463,0.4057761704755463,1.0
2021-04-08,0.3665878480307289,0.404663088101589,1.0
2021-04-09,0.35561614702454064,0.4034983437461215,1.0
2021-04-12,0.3612082078515854,0.40231813790277743,1.0
2021-04-13,0.3439499723924583,0.40109821865360473,1.0
2021-04-14,0.3393754784344833,0.39981084812991236,1.0
2021-04-15,0.34130845242347224,0.39855644334815143,1.0
2021-04-16,0.34345324752756545,0.3973154089174842,1.0
2021-04-19,0.3437528059786653,0.3961324301298925,1.0
2021-04-20,0.3473273884856317,0.3949536748634681,1.0
2021-04-21,0.3517572764559481,0.39377685453639266,1.0
2021-04-22,0.35415298431561393,0.39260451515927547,1.0
2021-04-23,0.36018614052779657,0.3914937071451896,1.0
2021-04-26,0.3612438658676128,0.3903540040004363,1.0
2021-04-27,0.3609857884693809,0.3892171919318293,1.0
2021-04-28,0.3628185720419143,0.38812435966298753,1.0
2021-04-29,0.36088559378536134,0.3870746156486258,1.0
2021-04-30,0.36392712723693604,0.3860214234866603,1.0
2021-05-03,0.36586088205138473,0.38496462206294124,1.0
2021-05-04,0.371583663492443,0.3839298276264593,1.0
2021-05-05,0.370625959848659,0.38288779779478077,1.0
2021-05-06,0.3656623981105349,0.38185218090896256,1.0
2021-05-07,0.3350145763697795,0.3806500401342032,1.0
2021-05-10,0.3351654492294075,0.37948691392343165,1.0
2021-05-11,0.31848413928890773,0.3782936168080068,1.0
2021-05-12,0.35712539133948557,0.377296306257087,1.0
2021-05-13,0.3574576540078709,0.37629854906300936,1.0
2021-05-14,0.35593150480435953,0.3753790062550329,1.0
2021-05-17,0.33804878614508654,0.3743764549644999,1.0
2021-05-18,0.34634520008800457,0.37342973065618557,1.0
2021-05-19,0.3555230283002262,0.37254000662604037,1.0
2021-05-20,0.35093617150157397,0.37163196657597036,1.0
2021-05-21,0.3514354050319004,0.37073958963720266,1.0
2021-05-24,0.3507679330193436,0.3698774802879035,1.0
2021-05-25,0.347726459832014,0.3690304175175164,1.0
2021-05-26,0.3389089676835233,0.3681327775561447,1.0
2021-05-27,0.34142526667599693,0.3672485450272634,1.0
2021-05-28,0.3337595632232139,0.366325728783052,1.0
2021-06-01,0.33620910929663506,0.36541815138368605,1.0
2021-06-02,0.33516295263778584,0.36447123799081793,1.0
2021-06-03,0.3199754552299699,0.36348010060261854,1.0
2021-06-04,0.3211983699743786,0.36250015627631293,1.0
2021-06-07,0.31401830322402885,0.36151678898125483,1.0
2021-06-08,0.30208926656684315,0.3604951748483989,1.0
2021-06-09,0.3007587710740341,0.36008684030145205,1.0
2021-06-10,0.30067615770152095,0.3596972710357686,1.0
2021-06-11,0.3031159387452381,0.35933461500775155,1.0
2021-06-14,0.29951837660681013,0.35900508381159535,1.0
2021-06-15,0.29971109671842683,0.3586947311729585,1.0
2021-06-16,0.3177253464184903,0.358467461561439,1.0
2021-06-17,0.3150832711249563,0.35821984472408097,1.0
2021-06-18,0.33537676030641234,0.35808105142459523,1.0
2021-06-21,0.35878180497100604,0.358030247815627,0.0
2021-06-22,0.3594732153526913,0.3580754963041074,0.0
2021-06-23,0.3621041360521681,0.358129066346643,0.0
2021-06-24,0.3651898014322982,0.35822089581022776,0.0
2021-06-25,0.3634048966173334,0.3583481465219107,0.0
2021-06-28,0.35852989268620317,0.35841418011537407,0.0
2021-06-29,0.3564222609915478,0.3584443322958675,1.0
2021-06-30,0.35581030819510745,0.35842599084614835,1.0
2021-07-01,0.34538679275902034,0.3583898219168248,1.0
2021-07-02,0.3468918507397725,0.3584151998576517,1.0
2021-07-06,0.34285835102332085,0.35840145459711387,1.0
2021-07-07,0.342311506814805,0.35840677454038333,1.0
2021-07-08,0.3515071423931871,0.35838319706981503,1.0
2021-07-09,0.37117427726982904,0.3584619122066525,0.0
2021-07-12,0.375369652099194,0.35849552507093385,0.0
2021-07-14,0.38739326519983375,0.35869982894666,0.0
2021-07-15,0.3886560232933662,0.35887085746540737,0.0
2021-07-16,0.3957958806271192,0.35899553378959426,0.0
2021-07-19,0.41035122019821985,0.3591759871617139,0.0
2021-07-20,0.43473253135075973,0.35947948038175476,0.0
2021-07-21,0.4337071205892139,0.35978036097177657,0.0
2021-07-22,0.4373322273004647,0.36008533358841077,0.0
2021-07-23,0.4376315807986731,0.36034217427949583,0.0
2021-07-26,0.3977915055205762,0.3603685243691907,0.0
2021-07-27,0.394815741593573,0.3603173528246783,0.0
2021-07-28,0.37427740600477916,0.36016940079816523,0.0
2021-07-29,0.37799208249354666,0.36004944876061695,0.0
2021-07-30,0.375980036175808,0.3599120818124198,0.0
2021-08-02,0.36520971358854465,0.3596880722483619,0.0
2021-08-03,0.36336443278777153,0.35944528204146886,0.0
2021-08-04,0.3680712785222585,0.35921102897952173,0.0
2021-08-05,0.3636730415652513,0.3589336973012218,0.0
2021-08-06,0.3596832293067467,0.35859628254261844,0.0
2021-08-09,0.3567672162758008,0.3582363333196142,1.0
2021-08-10,0.3522432874633964,0.35783558333226617,1.0
2021-08-11,0.3522595990572997,0.357435964483536,1.0
2021-08-12,0.35556072598892635,0.35704811548724513,1.0
2021-08-13,0.3596275850603186,0.3565820508156725,0.0
2021-08-16,0.3595636628443491,0.3561079225658006,0.0
2021-08-17,0.3602585067037327,0.3555032229250071,0.0
2021-08-18,0.36756697871537636,0.35493805160086056,0.0
2021-08-19,0.3641128540360518,0.3543660448993219,0.0
2021-08-20,0.36938688333953273,0.3537748680369036,0.0
