date,EEM,EFA,IEF,JNK,SCHH,^GSPC,^RUT
2016-01-04,,,,,,,
2016-01-05,,,,,,,
2016-01-06,,,,,,,
2016-01-07,,,,,,,
2016-01-08,,,,,,,
2016-01-11,,,,,,,
2016-01-12,,,,,,,
2016-01-13,,,,,,,
2016-01-14,,,,,,,
2016-01-15,,,,,,,
2016-01-19,,,,,,,
2016-01-20,,,,,,,
2016-01-21,,,,,,,
2016-01-22,,,,,,,
2016-01-25,,,,,,,
2016-01-26,,,,,,,
2016-01-27,,,,,,,
2016-01-28,,,,,,,
2016-01-29,,,,,,,
2016-02-01,,,,,,,
2016-02-02,,,,,,,
2016-02-03,,,,,,,
2016-02-04,,,,,,,
2016-02-05,,,,,,,
2016-02-08,,,,,,,
2016-02-09,,,,,,,
2016-02-10,,,,,,,
2016-02-11,,,,,,,
2016-02-12,,,,,,,
2016-02-16,,,,,,,
2016-02-17,,,,,,,
2016-02-18,,,,,,,
2016-02-19,,,,,,,
2016-02-22,,,,,,,
2016-02-23,,,,,,,
2016-02-24,,,,,,,
2016-02-25,,,,,,,
2016-02-26,,,,,,,
2016-02-29,,,,,,,
2016-03-01,,,,,,,
2016-03-02,,,,,,,
2016-03-03,,,,,,,
2016-03-04,,,,,,,
2016-03-07,,,,,,,
2016-03-08,,,,,,,
2016-03-09,,,,,,,
2016-03-10,,,,,,,
2016-03-11,,,,,,,
2016-03-14,,,,,,,
2016-03-15,,,,,,,
2016-03-16,,,,,,,
2016-03-17,,,,,,,
2016-03-18,,,,,,,
2016-03-21,,,,,,,
2016-03-22,,,,,,,
2016-03-23,,,,,,,
2016-03-24,,,,,,,
2016-03-28,,,,,,,
2016-03-29,,,,,,,
2016-03-30,,,,,,,
2016-03-31,,,,,,,
2016-04-01,,,,,,,
2016-04-04,,,,,,,
2016-04-05,,,,,,,
2016-04-06,,,,,,,
2016-04-07,,,,,,,
2016-04-08,,,,,,,
2016-04-11,,,,,,,
2016-04-12,,,,,,,
2016-04-13,,,,,,,
2016-04-14,,,,,,,
2016-04-15,,,,,,,
2016-04-18,,,,,,,
2016-04-19,,,,,,,
2016-04-20,,,,,,,
2016-04-21,,,,,,,
2016-04-22,,,,,,,
2016-04-25,,,,,,,
2016-04-26,,,,,,,
2016-04-27,,,,,,,
2016-04-28,,,,,,,
2016-04-29,,,,,,,
2016-05-02,,,,,,,
2016-05-03,,,,,,,
2016-05-04,,,,,,,
2016-05-05,,,,,,,
2016-05-06,,,,,,,
2016-05-09,,,,,,,
2016-05-10,,,,,,,
2016-05-11,,,,,,,
2016-05-12,,,,,,,
2016-05-13,,,,,,,
2016-05-16,,,,,,,
2016-05-17,,,,,,,
2016-05-18,,,,,,,
2016-05-19,,,,,,,
2016-05-20,,,,,,,
2016-05-23,,,,,,,
2016-05-24,,,,,,,
2016-05-25,,,,,,,
2016-05-26,,,,,,,
2016-05-27,,,,,,,
2016-05-31,,,,,,,
2016-06-01,,,,,,,
2016-06-02,,,,,,,
2016-06-03,,,,,,,
2016-06-06,,,,,,,
2016-06-07,,,,,,,
2016-06-08,,,,,,,
2016-06-09,,,,,,,
2016-06-10,,,,,,,
2016-06-13,,,,,,,
2016-06-14,,,,,,,
2016-06-15,,,,,,,
2016-06-16,,,,,,,
2016-06-17,,,,,,,
2016-06-20,,,,,,,
2016-06-21,,,,,,,
2016-06-22,,,,,,,
2016-06-23,,,,,,,
2016-06-24,,,,,,,
2016-06-27,,,,,,,
2016-06-28,,,,,,,
2016-06-29,,,,,,,
2016-06-30,,,,,,,
2016-07-01,,,,,,,
2016-07-05,,,,,,,
2016-07-06,,,,,,,
2016-07-07,,,,,,,
2016-07-08,,,,,,,
2016-07-11,,,,,,,
2016-07-12,,,,,,,
2016-07-13,,,,,,,
2016-07-14,,,,,,,
2016-07-15,,,,,,,
2016-07-18,,,,,,,
2016-07-19,,,,,,,
2016-07-20,,,,,,,
2016-07-21,,,,,,,
2016-07-22,,,,,,,
2016-07-25,,,,,,,
2016-07-26,,,,,,,
2016-07-27,,,,,,,
2016-07-28,,,,,,,
2016-07-29,,,,,,,
2016-08-01,,,,,,,
2016-08-02,,,,,,,
2016-08-03,,,,,,,
2016-08-04,,,,,,,
2016-08-05,,,,,,,
2016-08-08,,,,,,,
2016-08-09,,,,,,,
2016-08-10,,,,,,,
2016-08-11,,,,,,,
2016-08-12,,,,,,,
2016-08-15,,,,,,,
2016-08-16,,,,,,,
2016-08-17,,,,,,,
2016-08-18,,,,,,,
2016-08-19,,,,,,,
2016-08-22,,,,,,,
2016-08-23,,,,,,,
2016-08-24,,,,,,,
2016-08-25,,,,,,,
2016-08-26,,,,,,,
2016-08-29,,,,,,,
2016-08-30,,,,,,,
2016-08-31,,,,,,,
2016-09-01,,,,,,,
2016-09-02,,,,,,,
2016-09-06,,,,,,,
2016-09-07,,,,,,,
2016-09-08,,,,,,,
2016-09-09,,,,,,,
2016-09-12,,,,,,,
2016-09-13,,,,,,,
2016-09-14,,,,,,,
2016-09-15,,,,,,,
2016-09-16,,,,,,,
2016-09-19,,,,,,,
2016-09-20,,,,,,,
2016-09-21,,,,,,,
2016-09-22,,,,,,,
2016-09-23,,,,,,,
2016-09-26,,,,,,,
2016-09-27,,,,,,,
2016-09-28,,,,,,,
2016-09-29,,,,,,,
2016-09-30,,,,,,,
2016-10-03,,,,,,,
2016-10-04,,,,,,,
2016-10-05,,,,,,,
2016-10-06,,,,,,,
2016-10-07,,,,,,,
2016-10-10,,,,,,,
2016-10-11,,,,,,,
2016-10-12,,,,,,,
2016-10-13,,,,,,,
2016-10-14,,,,,,,
2016-10-17,,,,,,,
2016-10-18,,,,,,,
2016-10-19,,,,,,,
2016-10-20,,,,,,,
2016-10-21,,,,,,,
2016-10-24,,,,,,,
2016-10-25,,,,,,,
2016-10-26,,,,,,,
2016-10-27,,,,,,,
2016-10-28,,,,,,,
2016-10-31,,,,,,,
2016-11-01,,,,,,,
2016-11-02,,,,,,,
2016-11-03,,,,,,,
2016-11-04,,,,,,,
2016-11-07,,,,,,,
2016-11-08,,,,,,,
2016-11-09,,,,,,,
2016-11-10,,,,,,,
2016-11-11,,,,,,,
2016-11-14,,,,,,,
2016-11-15,,,,,,,
2016-11-16,,,,,,,
2016-11-17,,,,,,,
2016-11-18,,,,,,,
2016-11-21,,,,,,,
2016-11-22,,,,,,,
2016-11-23,,,,,,,
2016-11-25,,,,,,,
2016-11-28,,,,,,,
2016-11-29,,,,,,,
2016-11-30,,,,,,,
2016-12-01,,,,,,,
2016-12-02,,,,,,,
2016-12-05,,,,,,,
2016-12-06,,,,,,,
2016-12-07,,,,,,,
2016-12-08,,,,,,,
2016-12-09,,,,,,,
2016-12-12,,,,,,,
2016-12-13,,,,,,,
2016-12-14,,,,,,,
2016-12-15,,,,,,,
2016-12-16,,,,,,,
2016-12-19,,,,,,,
2016-12-20,,,,,,,
2016-12-21,,,,,,,
2016-12-22,,,,,,,
2016-12-23,,,,,,,
2016-12-27,,,,,,,
2016-12-28,4.0,5.0,7.0,3.0,6.0,2.0,1.0
2016-12-29,4.0,5.0,7.0,3.0,6.0,2.0,1.0
2016-12-30,4.0,5.0,7.0,3.0,6.0,2.0,1.0
2017-01-03,4.0,5.0,7.0,3.0,6.0,2.0,1.0
2017-01-04,4.0,5.0,7.0,3.0,6.0,2.0,1.0
2017-01-05,3.0,5.0,7.0,4.0,6.0,2.0,1.0
2017-01-06,3.0,5.0,7.0,4.0,6.0,2.0,1.0
2017-01-09,4.0,5.0,7.0,3.0,6.0,2.0,1.0
2017-01-10,3.0,5.0,7.0,4.0,6.0,2.0,1.0
2017-01-11,3.0,5.0,7.0,4.0,6.0,2.0,1.0
2017-01-12,3.0,5.0,7.0,4.0,6.0,2.0,1.0
2017-01-13,3.0,4.0,7.0,5.0,6.0,2.0,1.0
2017-01-17,3.0,5.0,7.0,4.0,6.0,2.0,1.0
2017-01-18,3.0,5.0,7.0,4.0,6.0,2.0,1.0
2017-01-19,3.0,5.0,7.0,4.0,6.0,2.0,1.0
2017-01-20,3.0,5.0,7.0,4.0,6.0,2.0,1.0
2017-01-23,3.0,4.0,7.0,5.0,6.0,2.0,1.0
2017-01-24,3.0,4.0,7.0,5.0,6.0,2.0,1.0
2017-01-25,3.0,4.0,7.0,5.0,6.0,2.0,1.0
2017-01-26,3.0,4.0,7.0,5.0,6.0,2.0,1.0
2017-01-27,3.0,4.0,7.0,5.0,6.0,2.0,1.0
2017-01-30,3.0,5.0,7.0,4.0,6.0,2.0,1.0
2017-01-31,3.0,5.0,7.0,4.0,6.0,2.0,1.0
2017-02-01,3.0,4.0,7.0,5.0,6.0,2.0,1.0
2017-02-02,2.0,4.0,7.0,5.0,6.0,3.0,1.0
2017-02-03,3.0,4.0,7.0,5.0,6.0,2.0,1.0
2017-02-06,3.0,4.0,7.0,5.0,6.0,2.0,1.0
2017-02-07,3.0,4.0,7.0,5.0,6.0,2.0,1.0
2017-02-08,3.0,4.0,7.0,5.0,6.0,2.0,1.0
2017-02-09,3.0,4.0,7.0,5.0,6.0,2.0,1.0
2017-02-10,2.0,4.0,7.0,5.0,6.0,3.0,1.0
2017-02-13,2.0,4.0,7.0,5.0,6.0,3.0,1.0
2017-02-14,3.0,4.0,7.0,5.0,6.0,2.0,1.0
2017-02-15,2.0,4.0,7.0,5.0,6.0,3.0,1.0
2017-02-16,3.0,4.0,7.0,5.0,6.0,2.0,1.0
2017-02-17,3.0,4.0,7.0,5.0,6.0,2.0,1.0
2017-02-21,3.0,4.0,7.0,5.0,6.0,2.0,1.0
2017-02-22,2.0,4.0,7.0,5.0,6.0,3.0,1.0
2017-02-23,3.0,4.0,7.0,5.0,6.0,2.0,1.0
2017-02-24,3.0,4.0,7.0,5.0,6.0,2.0,1.0
2017-02-27,3.0,4.0,7.0,5.0,6.0,2.0,1.0
2017-02-28,3.0,4.0,7.0,5.0,6.0,2.0,1.0
2017-03-01,3.0,4.0,7.0,5.0,6.0,2.0,1.0
2017-03-02,3.0,4.0,7.0,5.0,6.0,2.0,1.0
2017-03-03,3.0,4.0,7.0,5.0,6.0,2.0,1.0
2017-03-06,3.0,4.0,7.0,5.0,6.0,2.0,1.0
2017-03-07,3.0,4.0,7.0,5.0,6.0,2.0,1.0
2017-03-08,3.0,4.0,7.0,5.0,6.0,2.0,1.0
2017-03-09,3.0,4.0,7.0,5.0,6.0,2.0,1.0
2017-03-10,3.0,4.0,7.0,5.0,6.0,2.0,1.0
2017-03-13,3.0,4.0,7.0,5.0,6.0,2.0,1.0
2017-03-14,3.0,4.0,7.0,5.0,6.0,2.0,1.0
2017-03-15,2.0,4.0,7.0,5.0,6.0,3.0,1.0
2017-03-16,2.0,4.0,7.0,5.0,6.0,3.0,1.0
2017-03-17,2.0,4.0,7.0,5.0,6.0,3.0,1.0
2017-03-20,1.0,4.0,7.0,5.0,6.0,3.0,2.0
2017-03-21,1.0,4.0,7.0,5.0,6.0,3.0,2.0
2017-03-22,1.0,4.0,6.0,5.0,7.0,3.0,2.0
2017-03-23,1.0,4.0,7.0,5.0,6.0,3.0,2.0
2017-03-24,1.0,4.0,7.0,5.0,6.0,3.0,2.0
2017-03-27,1.0,4.0,6.0,5.0,7.0,3.0,2.0
2017-03-28,1.0,4.0,7.0,5.0,6.0,3.0,2.0
2017-03-29,1.0,4.0,7.0,5.0,6.0,3.0,2.0
2017-03-30,2.0,4.0,7.0,5.0,6.0,3.0,1.0
2017-03-31,2.0,4.0,7.0,5.0,6.0,3.0,1.0
2017-04-03,1.0,4.0,7.0,5.0,6.0,3.0,2.0
2017-04-04,1.0,4.0,7.0,5.0,6.0,3.0,2.0
2017-04-05,1.0,4.0,7.0,5.0,6.0,3.0,2.0
2017-04-06,1.0,4.0,7.0,5.0,6.0,3.0,2.0
2017-04-07,1.0,4.0,7.0,5.0,6.0,3.0,2.0
2017-04-10,2.0,4.0,7.0,5.0,6.0,3.0,1.0
2017-04-11,2.0,4.0,7.0,5.0,6.0,3.0,1.0
2017-04-12,1.0,4.0,7.0,5.0,6.0,3.0,2.0
2017-04-13,1.0,4.0,7.0,5.0,6.0,3.0,2.0
2017-04-17,1.0,4.0,7.0,5.0,6.0,3.0,2.0
2017-04-18,2.0,4.0,7.0,5.0,6.0,3.0,1.0
2017-04-19,2.0,4.0,7.0,5.0,6.0,3.0,1.0
2017-04-20,2.0,4.0,7.0,5.0,6.0,3.0,1.0
2017-04-21,2.0,4.0,7.0,5.0,6.0,3.0,1.0
2017-04-24,2.0,3.0,7.0,5.0,6.0,4.0,1.0
2017-04-25,2.0,3.0,7.0,5.0,6.0,4.0,1.0
2017-04-26,2.0,3.0,7.0,5.0,6.0,4.0,1.0
2017-04-27,2.0,3.0,7.0,5.0,6.0,4.0,1.0
2017-04-28,2.0,3.0,6.0,5.0,7.0,4.0,1.0
2017-05-01,1.0,3.0,7.0,5.0,6.0,4.0,2.0
2017-05-02,1.0,3.0,7.0,5.0,6.0,4.0,2.0
2017-05-03,1.0,2.0,6.0,5.0,7.0,4.0,3.0
2017-05-04,2.0,1.0,6.0,5.0,7.0,4.0,3.0
2017-05-05,2.0,1.0,6.0,5.0,7.0,4.0,3.0
2017-05-08,2.0,1.0,6.0,5.0,7.0,4.0,3.0
2017-05-09,1.0,2.0,6.0,5.0,7.0,4.0,3.0
2017-05-10,1.0,2.0,6.0,5.0,7.0,4.0,3.0
2017-05-11,1.0,2.0,6.0,5.0,7.0,4.0,3.0
2017-05-12,1.0,2.0,6.0,5.0,7.0,4.0,3.0
2017-05-15,1.0,2.0,6.0,5.0,7.0,4.0,3.0
2017-05-16,1.0,2.0,6.0,5.0,7.0,4.0,3.0
2017-05-17,1.0,2.0,6.0,5.0,7.0,3.0,4.0
2017-05-18,2.0,1.0,6.0,5.0,7.0,3.0,4.0
2017-05-19,2.0,1.0,6.0,5.0,7.0,3.0,4.0
2017-05-22,2.0,1.0,6.0,5.0,7.0,3.0,4.0
2017-05-23,2.0,1.0,6.0,5.0,7.0,3.0,4.0
2017-05-24,1.0,2.0,6.0,5.0,7.0,3.0,4.0
2017-05-25,1.0,2.0,6.0,5.0,7.0,3.0,4.0
2017-05-26,1.0,2.0,6.0,5.0,7.0,3.0,4.0
2017-05-30,1.0,2.0,6.0,5.0,7.0,3.0,4.0
2017-05-31,2.0,1.0,6.0,5.0,7.0,3.0,4.0
2017-06-01,2.0,1.0,6.0,5.0,7.0,3.0,4.0
2017-06-02,2.0,1.0,6.0,5.0,7.0,3.0,4.0
2017-06-05,2.0,1.0,6.0,5.0,7.0,3.0,4.0
2017-06-06,2.0,1.0,6.0,5.0,7.0,3.0,4.0
2017-06-07,2.0,1.0,6.0,5.0,7.0,3.0,4.0
2017-06-08,1.0,2.0,6.0,5.0,7.0,4.0,3.0
2017-06-09,1.0,2.0,6.0,5.0,7.0,4.0,3.0
2017-06-12,2.0,1.0,7.0,5.0,6.0,4.0,3.0
2017-06-13,2.0,1.0,7.0,5.0,6.0,4.0,3.0
2017-06-14,2.0,1.0,7.0,5.0,6.0,4.0,3.0
2017-06-15,2.0,1.0,7.0,5.0,6.0,3.0,4.0
2017-06-16,2.0,1.0,7.0,5.0,6.0,3.0,4.0
2017-06-19,2.0,1.0,7.0,5.0,6.0,3.0,4.0
2017-06-20,1.0,2.0,7.0,5.0,6.0,3.0,4.0
2017-06-21,1.0,2.0,7.0,5.0,6.0,3.0,4.0
2017-06-22,1.0,2.0,7.0,5.0,6.0,3.0,4.0
2017-06-23,1.0,2.0,7.0,5.0,6.0,3.0,4.0
2017-06-26,1.0,2.0,7.0,5.0,6.0,3.0,4.0
2017-06-27,1.0,2.0,7.0,5.0,6.0,3.0,4.0
2017-06-28,1.0,2.0,7.0,5.0,6.0,4.0,3.0
2017-06-29,1.0,2.0,7.0,5.0,6.0,4.0,3.0
2017-06-30,1.0,2.0,7.0,5.0,6.0,4.0,3.0
2017-07-03,1.0,3.0,7.0,5.0,6.0,4.0,2.0
2017-07-05,1.0,2.0,7.0,5.0,6.0,4.0,3.0
2017-07-06,1.0,2.0,6.0,5.0,7.0,3.0,4.0
2017-07-07,1.0,2.0,6.0,5.0,7.0,4.0,3.0
2017-07-10,1.0,2.0,6.0,5.0,7.0,3.0,4.0
2017-07-11,1.0,2.0,6.0,5.0,7.0,4.0,3.0
2017-07-12,1.0,2.0,6.0,5.0,7.0,4.0,3.0
2017-07-13,1.0,2.0,6.0,5.0,7.0,4.0,3.0
2017-07-14,1.0,2.0,7.0,5.0,6.0,3.0,4.0
2017-07-17,1.0,2.0,7.0,5.0,6.0,3.0,4.0
2017-07-18,1.0,2.0,7.0,5.0,6.0,3.0,4.0
2017-07-19,1.0,2.0,7.0,5.0,6.0,4.0,3.0
2017-07-20,1.0,2.0,7.0,5.0,6.0,4.0,3.0
2017-07-21,1.0,2.0,7.0,5.0,6.0,3.0,4.0
2017-07-24,1.0,2.0,7.0,5.0,6.0,3.0,4.0
2017-07-25,1.0,2.0,7.0,5.0,6.0,4.0,3.0
2017-07-26,1.0,2.0,7.0,5.0,6.0,3.0,4.0
2017-07-27,1.0,2.0,7.0,5.0,6.0,3.0,4.0
2017-07-28,1.0,2.0,7.0,5.0,6.0,3.0,4.0
2017-07-31,1.0,2.0,7.0,5.0,6.0,3.0,4.0
2017-08-01,1.0,2.0,7.0,5.0,6.0,3.0,4.0
2017-08-02,1.0,2.0,7.0,5.0,6.0,3.0,4.0
2017-08-03,1.0,2.0,7.0,5.0,6.0,3.0,4.0
2017-08-04,1.0,2.0,7.0,5.0,6.0,3.0,4.0
2017-08-07,1.0,2.0,7.0,5.0,6.0,3.0,4.0
2017-08-08,1.0,2.0,7.0,5.0,6.0,3.0,4.0
2017-08-09,1.0,2.0,7.0,5.0,6.0,3.0,4.0
2017-08-10,1.0,2.0,5.0,6.0,7.0,3.0,4.0
2017-08-11,1.0,2.0,5.0,6.0,7.0,3.0,4.0
2017-08-14,1.0,2.0,7.0,5.0,6.0,3.0,4.0
2017-08-15,1.0,2.0,7.0,5.0,6.0,3.0,4.0
2017-08-16,1.0,2.0,7.0,5.0,6.0,3.0,4.0
2017-08-17,1.0,2.0,5.0,6.0,7.0,3.0,4.0
2017-08-18,1.0,2.0,5.0,6.0,7.0,3.0,4.0
2017-08-21,1.0,2.0,5.0,6.0,7.0,3.0,4.0
2017-08-22,1.0,2.0,6.0,5.0,7.0,3.0,4.0
2017-08-23,1.0,2.0,5.0,6.0,7.0,3.0,4.0
2017-08-24,1.0,2.0,6.0,5.0,7.0,3.0,4.0
2017-08-25,1.0,2.0,6.0,5.0,7.0,3.0,4.0
2017-08-28,1.0,2.0,6.0,5.0,7.0,3.0,4.0
2017-08-29,1.0,2.0,5.0,6.0,7.0,3.0,4.0
2017-08-30,1.0,2.0,6.0,5.0,7.0,3.0,4.0
2017-08-31,1.0,2.0,6.0,5.0,7.0,3.0,4.0
2017-09-01,1.0,2.0,7.0,6.0,5.0,3.0,4.0
2017-09-05,1.0,2.0,5.0,6.0,7.0,3.0,4.0
2017-09-06,1.0,2.0,5.0,7.0,6.0,3.0,4.0
2017-09-07,1.0,2.0,6.0,7.0,5.0,3.0,4.0
2017-09-08,1.0,2.0,6.0,7.0,5.0,3.0,4.0
2017-09-11,1.0,2.0,6.0,7.0,5.0,3.0,4.0
2017-09-12,1.0,2.0,6.0,7.0,5.0,3.0,4.0
2017-09-13,1.0,2.0,7.0,6.0,5.0,3.0,4.0
2017-09-14,1.0,2.0,7.0,6.0,5.0,3.0,4.0
2017-09-15,1.0,2.0,7.0,6.0,5.0,3.0,4.0
2017-09-18,1.0,2.0,7.0,6.0,5.0,3.0,4.0
2017-09-19,1.0,2.0,7.0,5.0,6.0,3.0,4.0
2017-09-20,1.0,2.0,7.0,5.0,6.0,3.0,4.0
2017-09-21,1.0,2.0,7.0,5.0,6.0,3.0,4.0
2017-09-22,1.0,2.0,6.0,5.0,7.0,3.0,4.0
2017-09-25,1.0,2.0,7.0,5.0,6.0,3.0,4.0
2017-09-26,1.0,2.0,7.0,5.0,6.0,4.0,3.0
2017-09-27,1.0,2.0,6.0,5.0,7.0,4.0,3.0
2017-09-28,1.0,2.0,7.0,5.0,6.0,4.0,3.0
2017-09-29,1.0,2.0,7.0,5.0,6.0,4.0,3.0
2017-10-02,1.0,3.0,7.0,5.0,6.0,4.0,2.0
2017-10-03,1.0,3.0,7.0,5.0,6.0,4.0,2.0
2017-10-04,1.0,3.0,7.0,5.0,6.0,4.0,2.0
2017-10-05,1.0,3.0,7.0,6.0,5.0,4.0,2.0
2017-10-06,1.0,3.0,7.0,6.0,5.0,4.0,2.0
2017-10-09,1.0,3.0,7.0,6.0,5.0,4.0,2.0
2017-10-10,1.0,2.0,7.0,6.0,5.0,4.0,3.0
2017-10-11,1.0,2.0,7.0,6.0,5.0,4.0,3.0
2017-10-12,1.0,2.0,7.0,6.0,5.0,4.0,3.0
2017-10-13,1.0,2.0,7.0,6.0,5.0,4.0,3.0
2017-10-16,1.0,2.0,7.0,6.0,5.0,4.0,3.0
2017-10-17,1.0,2.0,7.0,6.0,5.0,4.0,3.0
2017-10-18,1.0,2.0,7.0,6.0,5.0,4.0,3.0
2017-10-19,1.0,2.0,7.0,6.0,5.0,4.0,3.0
2017-10-20,1.0,2.0,7.0,5.0,6.0,4.0,3.0
2017-10-23,1.0,2.0,7.0,5.0,6.0,3.0,4.0
2017-10-24,1.0,2.0,7.0,5.0,6.0,3.0,4.0
2017-10-25,1.0,2.0,7.0,5.0,6.0,3.0,4.0
2017-10-26,1.0,2.0,6.0,5.0,7.0,4.0,3.0
2017-10-27,1.0,2.0,6.0,5.0,7.0,3.0,4.0
2017-10-30,1.0,2.0,6.0,5.0,7.0,3.0,4.0
2017-10-31,1.0,2.0,6.0,5.0,7.0,3.0,4.0
2017-11-01,1.0,2.0,7.0,5.0,6.0,3.0,4.0
2017-11-02,1.0,2.0,7.0,6.0,5.0,3.0,4.0
2017-11-03,1.0,2.0,7.0,5.0,6.0,3.0,4.0
2017-11-06,1.0,2.0,6.0,7.0,5.0,3.0,4.0
2017-11-07,1.0,2.0,6.0,7.0,5.0,3.0,4.0
2017-11-08,1.0,2.0,6.0,7.0,5.0,3.0,4.0
2017-11-09,1.0,2.0,6.0,7.0,5.0,3.0,4.0
2017-11-10,1.0,2.0,6.0,7.0,5.0,3.0,4.0
2017-11-13,1.0,2.0,6.0,7.0,5.0,3.0,4.0
2017-11-14,1.0,2.0,6.0,7.0,5.0,3.0,4.0
2017-11-15,1.0,2.0,6.0,7.0,5.0,3.0,4.0
2017-11-16,1.0,2.0,6.0,7.0,5.0,3.0,4.0
2017-11-17,1.0,2.0,6.0,7.0,5.0,3.0,4.0
2017-11-20,1.0,2.0,6.0,7.0,5.0,3.0,4.0
2017-11-21,1.0,2.0,6.0,7.0,5.0,4.0,3.0
2017-11-22,1.0,2.0,6.0,7.0,5.0,4.0,3.0
2017-11-24,1.0,2.0,7.0,6.0,5.0,3.0,4.0
2017-11-27,1.0,2.0,6.0,7.0,5.0,3.0,4.0
2017-11-28,1.0,2.0,6.0,7.0,5.0,4.0,3.0
2017-11-29,1.0,4.0,7.0,6.0,5.0,3.0,2.0
2017-11-30,1.0,4.0,7.0,6.0,5.0,2.0,3.0
2017-12-01,1.0,4.0,6.0,7.0,5.0,2.0,3.0
2017-12-04,1.0,4.0,6.0,7.0,5.0,2.0,3.0
2017-12-05,1.0,3.0,6.0,7.0,5.0,2.0,4.0
2017-12-06,1.0,3.0,6.0,7.0,5.0,2.0,4.0
2017-12-07,1.0,4.0,6.0,7.0,5.0,2.0,3.0
2017-12-08,1.0,3.0,6.0,7.0,5.0,2.0,4.0
2017-12-11,1.0,3.0,6.0,7.0,5.0,2.0,4.0
2017-12-12,1.0,3.0,6.0,7.0,5.0,2.0,4.0
2017-12-13,1.0,3.0,6.0,7.0,5.0,2.0,4.0
2017-12-14,1.0,3.0,6.0,7.0,5.0,2.0,4.0
2017-12-15,1.0,4.0,6.0,7.0,5.0,2.0,3.0
2017-12-18,1.0,4.0,6.0,7.0,5.0,2.0,3.0
2017-12-19,2.0,4.0,6.0,7.0,5.0,1.0,3.0
2017-12-20,2.0,4.0,6.0,7.0,5.0,1.0,3.0
2017-12-21,2.0,4.0,7.0,6.0,5.0,1.0,3.0
2017-12-22,1.0,4.0,7.0,6.0,5.0,2.0,3.0
2017-12-26,1.0,4.0,7.0,6.0,5.0,2.0,3.0
2017-12-27,1.0,4.0,6.0,7.0,5.0,2.0,3.0
2017-12-28,1.0,4.0,6.0,7.0,5.0,2.0,3.0
2017-12-29,1.0,4.0,6.0,7.0,5.0,2.0,3.0
2018-01-02,1.0,4.0,7.0,6.0,5.0,2.0,3.0
2018-01-03,1.0,4.0,7.0,6.0,5.0,2.0,3.0
2018-01-04,1.0,3.0,6.0,5.0,7.0,2.0,4.0
2018-01-05,1.0,3.0,6.0,5.0,7.0,2.0,4.0
2018-01-08,1.0,3.0,7.0,5.0,6.0,2.0,4.0
2018-01-09,1.0,3.0,6.0,5.0,7.0,2.0,4.0
2018-01-10,1.0,3.0,6.0,5.0,7.0,2.0,4.0
2018-01-11,1.0,4.0,6.0,5.0,7.0,2.0,3.0
2018-01-12,1.0,3.0,6.0,5.0,7.0,2.0,4.0
2018-01-16,1.0,3.0,6.0,5.0,7.0,2.0,4.0
2018-01-17,1.0,3.0,6.0,5.0,7.0,2.0,4.0
2018-01-18,1.0,3.0,6.0,5.0,7.0,2.0,4.0
2018-01-19,1.0,3.0,6.0,5.0,7.0,2.0,4.0
2018-01-22,1.0,3.0,6.0,5.0,7.0,2.0,4.0
2018-01-23,1.0,3.0,7.0,5.0,6.0,2.0,4.0
2018-01-24,1.0,3.0,7.0,5.0,6.0,2.0,4.0
2018-01-25,1.0,3.0,6.0,5.0,7.0,2.0,4.0
2018-01-26,1.0,3.0,6.0,5.0,7.0,2.0,4.0
2018-01-29,1.0,3.0,6.0,5.0,7.0,2.0,4.0
2018-01-30,1.0,3.0,6.0,5.0,7.0,2.0,4.0
2018-01-31,1.0,3.0,6.0,5.0,7.0,2.0,4.0
2018-02-01,1.0,3.0,6.0,5.0,7.0,2.0,4.0
2018-02-02,1.0,3.0,6.0,5.0,7.0,2.0,4.0
2018-02-05,1.0,3.0,6.0,5.0,7.0,2.0,4.0
2018-02-06,1.0,3.0,6.0,5.0,7.0,2.0,4.0
2018-02-07,1.0,3.0,6.0,5.0,7.0,2.0,4.0
2018-02-08,1.0,3.0,6.0,5.0,7.0,2.0,4.0
2018-02-09,1.0,3.0,6.0,5.0,7.0,2.0,4.0
2018-02-12,1.0,3.0,6.0,5.0,7.0,2.0,4.0
2018-02-13,1.0,3.0,6.0,5.0,7.0,2.0,4.0
2018-02-14,1.0,3.0,6.0,5.0,7.0,2.0,4.0
2018-02-15,1.0,4.0,6.0,5.0,7.0,2.0,3.0
2018-02-16,1.0,4.0,6.0,5.0,7.0,2.0,3.0
2018-02-20,1.0,4.0,6.0,5.0,7.0,2.0,3.0
2018-02-21,1.0,4.0,6.0,5.0,7.0,2.0,3.0
2018-02-22,1.0,4.0,6.0,5.0,7.0,2.0,3.0
2018-02-23,1.0,4.0,6.0,5.0,7.0,2.0,3.0
2018-02-26,1.0,4.0,6.0,5.0,7.0,2.0,3.0
2018-02-27,1.0,4.0,6.0,5.0,7.0,2.0,3.0
2018-02-28,1.0,3.0,6.0,5.0,7.0,2.0,4.0
2018-03-01,1.0,4.0,6.0,5.0,7.0,2.0,3.0
2018-03-02,1.0,4.0,6.0,5.0,7.0,2.0,3.0
2018-03-05,1.0,4.0,6.0,5.0,7.0,2.0,3.0
2018-03-06,1.0,4.0,6.0,5.0,7.0,2.0,3.0
2018-03-07,1.0,4.0,6.0,5.0,7.0,3.0,2.0
2018-03-08,1.0,4.0,6.0,5.0,7.0,2.0,3.0
2018-03-09,1.0,4.0,6.0,5.0,7.0,2.0,3.0
2018-03-12,1.0,4.0,6.0,5.0,7.0,2.0,3.0
2018-03-13,1.0,4.0,6.0,5.0,7.0,3.0,2.0
2018-03-14,1.0,4.0,6.0,5.0,7.0,3.0,2.0
2018-03-15,1.0,4.0,6.0,5.0,7.0,2.0,3.0
2018-03-16,1.0,4.0,6.0,5.0,7.0,3.0,2.0
2018-03-19,1.0,4.0,6.0,5.0,7.0,3.0,2.0
2018-03-20,1.0,4.0,6.0,5.0,7.0,3.0,2.0
2018-03-21,1.0,4.0,6.0,5.0,7.0,3.0,2.0
2018-03-22,1.0,4.0,5.0,6.0,7.0,3.0,2.0
2018-03-23,1.0,4.0,5.0,6.0,7.0,3.0,2.0
2018-03-26,1.0,4.0,6.0,5.0,7.0,3.0,2.0
2018-03-27,1.0,4.0,5.0,6.0,7.0,3.0,2.0
2018-03-28,1.0,4.0,5.0,6.0,7.0,3.0,2.0
2018-03-29,1.0,4.0,5.0,6.0,7.0,3.0,2.0
2018-04-02,1.0,4.0,5.0,6.0,7.0,3.0,2.0
2018-04-03,1.0,4.0,5.0,6.0,7.0,3.0,2.0
2018-04-04,1.0,4.0,5.0,6.0,7.0,3.0,2.0
2018-04-05,1.0,4.0,6.0,5.0,7.0,3.0,2.0
2018-04-06,1.0,4.0,5.0,6.0,7.0,3.0,2.0
2018-04-09,1.0,3.0,5.0,6.0,7.0,4.0,2.0
2018-04-10,1.0,4.0,6.0,5.0,7.0,3.0,2.0
2018-04-11,1.0,4.0,6.0,5.0,7.0,3.0,2.0
2018-04-12,1.0,4.0,6.0,5.0,7.0,3.0,2.0
2018-04-13,2.0,4.0,6.0,5.0,7.0,3.0,1.0
2018-04-16,2.0,4.0,6.0,5.0,7.0,3.0,1.0
2018-04-17,3.0,4.0,6.0,5.0,7.0,2.0,1.0
2018-04-18,2.0,4.0,6.0,5.0,7.0,3.0,1.0
2018-04-19,2.0,4.0,6.0,5.0,7.0,3.0,1.0
2018-04-20,3.0,4.0,6.0,5.0,7.0,2.0,1.0
2018-04-23,4.0,3.0,6.0,5.0,7.0,2.0,1.0
2018-04-24,4.0,2.0,6.0,5.0,7.0,3.0,1.0
2018-04-25,4.0,2.0,6.0,5.0,7.0,3.0,1.0
2018-04-26,4.0,3.0,6.0,5.0,7.0,2.0,1.0
2018-04-27,3.0,4.0,7.0,5.0,6.0,2.0,1.0
2018-04-30,4.0,2.0,6.0,5.0,7.0,3.0,1.0
2018-05-01,4.0,3.0,7.0,6.0,5.0,2.0,1.0
2018-05-02,4.0,2.0,7.0,5.0,6.0,3.0,1.0
2018-05-03,4.0,2.0,7.0,5.0,6.0,3.0,1.0
2018-05-04,4.0,3.0,7.0,6.0,5.0,2.0,1.0
2018-05-07,4.0,3.0,7.0,6.0,5.0,2.0,1.0
2018-05-08,4.0,3.0,7.0,6.0,5.0,2.0,1.0
2018-05-09,4.0,3.0,7.0,6.0,5.0,2.0,1.0
2018-05-10,4.0,3.0,7.0,6.0,5.0,2.0,1.0
2018-05-11,4.0,3.0,7.0,6.0,5.0,2.0,1.0
2018-05-14,4.0,3.0,7.0,6.0,5.0,2.0,1.0
2018-05-15,4.0,3.0,7.0,5.0,6.0,2.0,1.0
2018-05-16,4.0,3.0,7.0,5.0,6.0,2.0,1.0
2018-05-17,4.0,3.0,7.0,5.0,6.0,2.0,1.0
2018-05-18,4.0,3.0,6.0,5.0,7.0,2.0,1.0
2018-05-21,4.0,3.0,7.0,5.0,6.0,2.0,1.0
2018-05-22,4.0,3.0,7.0,5.0,6.0,2.0,1.0
2018-05-23,4.0,3.0,7.0,6.0,5.0,2.0,1.0
2018-05-24,4.0,3.0,7.0,6.0,5.0,2.0,1.0
2018-05-25,4.0,3.0,7.0,6.0,5.0,2.0,1.0
2018-05-29,5.0,3.0,6.0,7.0,4.0,2.0,1.0
2018-05-30,5.0,3.0,6.0,7.0,4.0,2.0,1.0
2018-05-31,5.0,3.0,6.0,7.0,4.0,2.0,1.0
2018-06-01,5.0,3.0,6.0,7.0,4.0,2.0,1.0
2018-06-04,5.0,4.0,7.0,6.0,3.0,2.0,1.0
2018-06-05,5.0,4.0,7.0,6.0,3.0,2.0,1.0
2018-06-06,4.0,3.0,7.0,6.0,5.0,2.0,1.0
2018-06-07,5.0,4.0,7.0,6.0,3.0,2.0,1.0
2018-06-08,5.0,4.0,7.0,6.0,3.0,2.0,1.0
2018-06-11,5.0,3.0,7.0,6.0,4.0,2.0,1.0
2018-06-12,5.0,4.0,7.0,6.0,3.0,2.0,1.0
2018-06-13,5.0,3.0,7.0,6.0,4.0,2.0,1.0
2018-06-14,5.0,4.0,7.0,6.0,3.0,2.0,1.0
2018-06-15,6.0,4.0,7.0,5.0,3.0,2.0,1.0
2018-06-18,7.0,4.0,6.0,5.0,3.0,2.0,1.0
2018-06-19,7.0,6.0,5.0,4.0,3.0,2.0,1.0
2018-06-20,7.0,5.0,6.0,4.0,3.0,2.0,1.0
2018-06-21,7.0,6.0,5.0,4.0,3.0,2.0,1.0
2018-06-22,7.0,5.0,6.0,4.0,3.0,2.0,1.0
2018-06-25,7.0,6.0,5.0,4.0,2.0,3.0,1.0
2018-06-26,7.0,6.0,5.0,4.0,3.0,2.0,1.0
2018-06-27,7.0,6.0,4.0,5.0,3.0,2.0,1.0
2018-06-28,7.0,6.0,4.0,5.0,2.0,3.0,1.0
2018-06-29,7.0,6.0,4.0,5.0,2.0,3.0,1.0
2018-07-02,7.0,6.0,4.0,5.0,3.0,2.0,1.0
2018-07-03,7.0,6.0,4.0,5.0,2.0,3.0,1.0
2018-07-05,7.0,6.0,4.0,5.0,2.0,3.0,1.0
2018-07-06,7.0,6.0,4.0,5.0,2.0,3.0,1.0
2018-07-09,7.0,4.0,5.0,6.0,3.0,2.0,1.0
2018-07-10,7.0,4.0,5.0,6.0,3.0,2.0,1.0
2018-07-11,7.0,6.0,4.0,5.0,3.0,2.0,1.0
2018-07-12,7.0,6.0,4.0,5.0,3.0,2.0,1.0
2018-07-13,7.0,6.0,4.0,5.0,3.0,2.0,1.0
2018-07-16,7.0,6.0,4.0,5.0,3.0,2.0,1.0
2018-07-17,7.0,6.0,4.0,5.0,3.0,2.0,1.0
2018-07-18,7.0,6.0,4.0,5.0,3.0,2.0,1.0
2018-07-19,7.0,6.0,4.0,5.0,3.0,2.0,1.0
2018-07-20,7.0,6.0,4.0,5.0,3.0,2.0,1.0
2018-07-23,7.0,5.0,6.0,4.0,3.0,2.0,1.0
2018-07-24,7.0,4.0,6.0,5.0,3.0,2.0,1.0
2018-07-25,7.0,4.0,6.0,5.0,3.0,2.0,1.0
2018-07-26,7.0,4.0,6.0,5.0,3.0,2.0,1.0
2018-07-27,7.0,4.0,6.0,5.0,3.0,2.0,1.0
2018-07-30,7.0,4.0,6.0,5.0,3.0,2.0,1.0
2018-07-31,7.0,4.0,6.0,5.0,3.0,2.0,1.0
2018-08-01,7.0,4.0,6.0,5.0,3.0,2.0,1.0
2018-08-02,7.0,5.0,6.0,4.0,3.0,2.0,1.0
2018-08-03,7.0,5.0,6.0,4.0,3.0,2.0,1.0
2018-08-06,7.0,6.0,5.0,4.0,3.0,2.0,1.0
2018-08-07,7.0,5.0,6.0,4.0,3.0,2.0,1.0
2018-08-08,7.0,5.0,6.0,4.0,3.0,2.0,1.0
2018-08-09,7.0,6.0,5.0,4.0,3.0,2.0,1.0
2018-08-10,7.0,6.0,4.0,5.0,3.0,2.0,1.0
2018-08-13,7.0,6.0,4.0,5.0,3.0,2.0,1.0
2018-08-14,7.0,6.0,5.0,4.0,3.0,2.0,1.0
2018-08-15,7.0,6.0,4.0,5.0,3.0,2.0,1.0
2018-08-16,7.0,6.0,4.0,5.0,3.0,2.0,1.0
2018-08-17,7.0,6.0,4.0,5.0,2.0,3.0,1.0
2018-08-20,7.0,6.0,4.0,5.0,2.0,3.0,1.0
2018-08-21,7.0,6.0,5.0,4.0,3.0,2.0,1.0
2018-08-22,7.0,6.0,4.0,5.0,3.0,2.0,1.0
2018-08-23,7.0,6.0,4.0,5.0,3.0,2.0,1.0
2018-08-24,7.0,6.0,4.0,5.0,3.0,2.0,1.0
2018-08-27,7.0,6.0,5.0,4.0,3.0,2.0,1.0
2018-08-28,7.0,6.0,5.0,4.0,3.0,2.0,1.0
2018-08-29,7.0,6.0,5.0,4.0,3.0,2.0,1.0
2018-08-30,7.0,6.0,5.0,4.0,3.0,2.0,1.0
2018-08-31,7.0,6.0,5.0,4.0,3.0,2.0,1.0
2018-09-04,7.0,6.0,5.0,4.0,3.0,2.0,1.0
2018-09-05,7.0,6.0,4.0,5.0,3.0,2.0,1.0
2018-09-06,7.0,6.0,4.0,5.0,2.0,3.0,1.0
2018-09-07,7.0,6.0,5.0,4.0,3.0,2.0,1.0
2018-09-10,7.0,6.0,5.0,4.0,3.0,2.0,1.0
2018-09-11,7.0,6.0,5.0,4.0,3.0,2.0,1.0
2018-09-12,7.0,6.0,5.0,4.0,3.0,2.0,1.0
2018-09-13,7.0,6.0,5.0,4.0,3.0,2.0,1.0
2018-09-14,7.0,6.0,5.0,4.0,3.0,2.0,1.0
2018-09-17,7.0,6.0,5.0,4.0,3.0,2.0,1.0
2018-09-18,7.0,6.0,5.0,4.0,3.0,2.0,1.0
2018-09-19,7.0,6.0,5.0,4.0,3.0,2.0,1.0
2018-09-20,7.0,5.0,6.0,4.0,3.0,2.0,1.0
2018-09-21,7.0,5.0,6.0,4.0,3.0,1.0,2.0
2018-09-24,7.0,5.0,6.0,4.0,3.0,1.0,2.0
2018-09-25,7.0,5.0,6.0,4.0,3.0,2.0,1.0
2018-09-26,7.0,5.0,6.0,4.0,3.0,1.0,2.0
2018-09-27,7.0,5.0,6.0,4.0,3.0,1.0,2.0
2018-09-28,7.0,6.0,5.0,4.0,3.0,1.0,2.0
2018-10-01,7.0,5.0,6.0,4.0,3.0,1.0,2.0
2018-10-02,7.0,6.0,5.0,4.0,3.0,1.0,2.0
2018-10-03,7.0,6.0,5.0,4.0,3.0,1.0,2.0
2018-10-04,7.0,6.0,5.0,4.0,3.0,1.0,2.0
2018-10-05,7.0,6.0,5.0,4.0,3.0,1.0,2.0
2018-10-08,7.0,6.0,5.0,4.0,3.0,1.0,2.0
2018-10-09,7.0,6.0,5.0,4.0,2.0,1.0,3.0
2018-10-10,7.0,6.0,5.0,4.0,2.0,1.0,3.0
2018-10-11,7.0,6.0,3.0,2.0,4.0,1.0,5.0
2018-10-12,7.0,6.0,3.0,2.0,4.0,1.0,5.0
2018-10-15,7.0,6.0,4.0,2.0,3.0,1.0,5.0
2018-10-16,7.0,6.0,5.0,4.0,3.0,1.0,2.0
2018-10-17,7.0,6.0,5.0,4.0,3.0,1.0,2.0
2018-10-18,7.0,6.0,5.0,3.0,2.0,1.0,4.0
2018-10-19,7.0,6.0,4.0,3.0,2.0,1.0,5.0
2018-10-22,7.0,6.0,4.0,3.0,2.0,1.0,5.0
2018-10-23,7.0,6.0,4.0,3.0,2.0,1.0,5.0
2018-10-24,7.0,6.0,2.0,3.0,1.0,4.0,5.0
2018-10-25,7.0,6.0,3.0,4.0,1.0,2.0,5.0
2018-10-26,7.0,6.0,2.0,3.0,1.0,4.0,5.0
2018-10-29,7.0,6.0,2.0,3.0,1.0,4.0,5.0
2018-10-30,7.0,6.0,2.0,4.0,1.0,3.0,5.0
2018-10-31,7.0,6.0,3.0,4.0,1.0,2.0,5.0
2018-11-01,7.0,6.0,3.0,4.0,1.0,2.0,5.0
2018-11-02,7.0,6.0,4.0,3.0,1.0,2.0,5.0
2018-11-05,7.0,6.0,4.0,3.0,1.0,2.0,5.0
2018-11-06,7.0,6.0,4.0,3.0,1.0,2.0,5.0
2018-11-07,7.0,6.0,5.0,4.0,1.0,2.0,3.0
2018-11-08,7.0,6.0,5.0,4.0,1.0,2.0,3.0
2018-11-09,7.0,6.0,3.0,4.0,1.0,2.0,5.0
2018-11-12,7.0,6.0,3.0,4.0,1.0,2.0,5.0
2018-11-13,7.0,6.0,3.0,4.0,1.0,2.0,5.0
2018-11-14,7.0,6.0,2.0,4.0,1.0,3.0,5.0
2018-11-15,7.0,6.0,3.0,4.0,1.0,2.0,5.0
2018-11-16,7.0,6.0,3.0,4.0,1.0,2.0,5.0
2018-11-19,7.0,6.0,2.0,4.0,1.0,3.0,5.0
2018-11-20,7.0,6.0,2.0,4.0,1.0,3.0,5.0
2018-11-21,7.0,6.0,2.0,4.0,1.0,3.0,5.0
2018-11-23,7.0,6.0,2.0,3.0,1.0,4.0,5.0
2018-11-26,7.0,6.0,2.0,4.0,1.0,3.0,5.0
2018-11-27,7.0,6.0,2.0,4.0,1.0,3.0,5.0
2018-11-28,7.0,6.0,3.0,4.0,1.0,2.0,5.0
2018-11-29,7.0,6.0,3.0,4.0,1.0,2.0,5.0
2018-11-30,7.0,6.0,3.0,4.0,1.0,2.0,5.0
2018-12-03,6.0,7.0,3.0,4.0,1.0,2.0,5.0
2018-12-04,6.0,7.0,2.0,4.0,1.0,3.0,5.0
2018-12-06,6.0,7.0,2.0,4.0,1.0,3.0,5.0
2018-12-07,7.0,6.0,2.0,3.0,1.0,4.0,5.0
2018-12-10,7.0,6.0,2.0,3.0,1.0,4.0,5.0
2018-12-11,7.0,6.0,2.0,3.0,1.0,4.0,5.0
2018-12-12,6.0,7.0,2.0,3.0,1.0,4.0,5.0
2018-12-13,5.0,6.0,2.0,3.0,1.0,4.0,7.0
2018-12-14,5.0,6.0,2.0,3.0,1.0,4.0,7.0
2018-12-17,5.0,6.0,1.0,3.0,2.0,4.0,7.0
2018-12-18,5.0,6.0,1.0,3.0,2.0,4.0,7.0
2018-12-19,6.0,5.0,1.0,3.0,2.0,4.0,7.0
2018-12-20,5.0,6.0,1.0,3.0,2.0,4.0,7.0
2018-12-21,5.0,6.0,1.0,3.0,2.0,4.0,7.0
2018-12-24,5.0,6.0,1.0,2.0,3.0,4.0,7.0
2018-12-26,5.0,6.0,1.0,3.0,2.0,4.0,7.0
2018-12-27,5.0,6.0,1.0,3.0,2.0,4.0,7.0
2018-12-28,5.0,6.0,1.0,3.0,2.0,4.0,7.0
2018-12-31,5.0,6.0,1.0,3.0,2.0,4.0,7.0
2019-01-02,5.0,6.0,1.0,2.0,3.0,4.0,7.0
2019-01-03,5.0,6.0,1.0,2.0,3.0,4.0,7.0
2019-01-04,5.0,6.0,1.0,2.0,3.0,4.0,7.0
2019-01-07,5.0,6.0,1.0,2.0,3.0,4.0,7.0
2019-01-08,5.0,7.0,1.0,3.0,2.0,4.0,6.0
2019-01-09,5.0,7.0,1.0,3.0,2.0,4.0,6.0
2019-01-10,5.0,7.0,1.0,3.0,2.0,4.0,6.0
2019-01-11,5.0,7.0,1.0,3.0,2.0,4.0,6.0
2019-01-14,5.0,7.0,1.0,3.0,2.0,4.0,6.0
2019-01-15,5.0,7.0,1.0,3.0,2.0,4.0,6.0
2019-01-16,5.0,7.0,1.0,3.0,2.0,4.0,6.0
2019-01-17,5.0,7.0,1.0,3.0,2.0,4.0,6.0
2019-01-18,5.0,7.0,2.0,3.0,1.0,4.0,6.0
2019-01-22,5.0,7.0,1.0,3.0,2.0,4.0,6.0
2019-01-23,5.0,7.0,1.0,3.0,2.0,4.0,6.0
2019-01-24,5.0,7.0,1.0,3.0,2.0,4.0,6.0
2019-01-25,5.0,7.0,2.0,3.0,1.0,4.0,6.0
2019-01-28,5.0,7.0,2.0,3.0,1.0,4.0,6.0
2019-01-29,5.0,7.0,2.0,3.0,1.0,4.0,6.0
2019-01-30,5.0,7.0,2.0,3.0,1.0,4.0,6.0
2019-01-31,5.0,7.0,2.0,3.0,1.0,4.0,6.0
2019-02-01,5.0,7.0,2.0,4.0,1.0,3.0,6.0
2019-02-04,5.0,7.0,2.0,4.0,1.0,3.0,6.0
2019-02-05,5.0,7.0,2.0,4.0,1.0,3.0,6.0
2019-02-06,5.0,7.0,2.0,4.0,1.0,3.0,6.0
2019-02-07,5.0,7.0,2.0,3.0,1.0,4.0,6.0
2019-02-08,5.0,7.0,2.0,3.0,1.0,4.0,6.0
2019-02-11,5.0,7.0,2.0,3.0,1.0,4.0,6.0
2019-02-12,6.0,7.0,2.0,4.0,1.0,3.0,5.0
2019-02-13,6.0,7.0,2.0,4.0,1.0,3.0,5.0
2019-02-14,6.0,7.0,2.0,4.0,1.0,3.0,5.0
2019-02-15,6.0,7.0,2.0,4.0,1.0,3.0,5.0
2019-02-19,6.0,7.0,2.0,4.0,1.0,3.0,5.0
2019-02-20,6.0,7.0,2.0,4.0,1.0,3.0,5.0
2019-02-21,6.0,7.0,2.0,4.0,1.0,3.0,5.0
2019-02-22,6.0,7.0,2.0,5.0,1.0,3.0,4.0
2019-02-25,6.0,7.0,3.0,5.0,1.0,2.0,4.0
2019-02-26,5.0,7.0,2.0,4.0,1.0,3.0,6.0
2019-02-27,6.0,7.0,2.0,4.0,1.0,3.0,5.0
2019-02-28,6.0,7.0,2.0,4.0,1.0,3.0,5.0
2019-03-01,6.0,7.0,3.0,5.0,1.0,2.0,4.0
2019-03-04,6.0,7.0,3.0,4.0,1.0,2.0,5.0
2019-03-05,5.0,7.0,3.0,4.0,1.0,2.0,6.0
2019-03-06,5.0,6.0,2.0,4.0,1.0,3.0,7.0
2019-03-07,5.0,7.0,2.0,4.0,1.0,3.0,6.0
2019-03-08,5.0,7.0,2.0,4.0,1.0,3.0,6.0
2019-03-11,5.0,7.0,2.0,4.0,1.0,3.0,6.0
2019-03-12,5.0,7.0,2.0,4.0,1.0,3.0,6.0
2019-03-13,5.0,7.0,3.0,4.0,1.0,2.0,6.0
2019-03-14,5.0,7.0,3.0,4.0,1.0,2.0,6.0
2019-03-15,5.0,6.0,3.0,4.0,1.0,2.0,7.0
2019-03-18,4.0,6.0,3.0,5.0,1.0,2.0,7.0
2019-03-19,4.0,6.0,3.0,5.0,1.0,2.0,7.0
2019-03-20,4.0,6.0,2.0,5.0,1.0,3.0,7.0
2019-03-21,4.0,6.0,3.0,5.0,1.0,2.0,7.0
2019-03-22,5.0,6.0,2.0,4.0,1.0,3.0,7.0
2019-03-25,5.0,6.0,2.0,4.0,1.0,3.0,7.0
2019-03-26,5.0,6.0,2.0,4.0,1.0,3.0,7.0
2019-03-27,6.0,5.0,2.0,4.0,1.0,3.0,7.0
2019-03-28,5.0,6.0,2.0,4.0,1.0,3.0,7.0
2019-03-29,5.0,6.0,2.0,4.0,1.0,3.0,7.0
2019-04-01,4.0,6.0,3.0,5.0,1.0,2.0,7.0
2019-04-02,4.0,6.0,3.0,5.0,1.0,2.0,7.0
2019-04-03,4.0,6.0,3.0,5.0,1.0,2.0,7.0
2019-04-04,4.0,6.0,3.0,5.0,1.0,2.0,7.0
2019-04-05,3.0,6.0,4.0,5.0,1.0,2.0,7.0
2019-04-08,3.0,6.0,4.0,5.0,1.0,2.0,7.0
2019-04-09,3.0,6.0,4.0,5.0,1.0,2.0,7.0
2019-04-10,3.0,6.0,4.0,5.0,1.0,2.0,7.0
2019-04-11,4.0,6.0,3.0,5.0,1.0,2.0,7.0
2019-04-12,3.0,6.0,4.0,5.0,1.0,2.0,7.0
2019-04-15,3.0,6.0,4.0,5.0,1.0,2.0,7.0
2019-04-16,3.0,6.0,4.0,5.0,2.0,1.0,7.0
2019-04-17,2.0,6.0,4.0,5.0,3.0,1.0,7.0
2019-04-18,3.0,6.0,4.0,5.0,2.0,1.0,7.0
2019-04-22,2.0,6.0,4.0,5.0,3.0,1.0,7.0
2019-04-23,3.0,6.0,4.0,5.0,2.0,1.0,7.0
2019-04-24,4.0,6.0,3.0,5.0,2.0,1.0,7.0
2019-04-25,4.0,6.0,3.0,5.0,2.0,1.0,7.0
2019-04-26,4.0,6.0,3.0,5.0,2.0,1.0,7.0
2019-04-29,3.0,6.0,4.0,5.0,2.0,1.0,7.0
2019-04-30,4.0,6.0,3.0,5.0,2.0,1.0,7.0
2019-05-01,4.0,6.0,3.0,5.0,1.0,2.0,7.0
2019-05-02,3.0,6.0,4.0,5.0,1.0,2.0,7.0
2019-05-03,3.0,5.0,4.0,7.0,1.0,2.0,6.0
2019-05-06,6.0,7.0,3.0,5.0,1.0,2.0,4.0
2019-05-07,6.0,7.0,3.0,4.0,1.0,2.0,5.0
2019-05-08,6.0,5.0,3.0,4.0,1.0,2.0,7.0
2019-05-09,7.0,5.0,3.0,4.0,1.0,2.0,6.0
2019-05-10,7.0,5.0,3.0,4.0,1.0,2.0,6.0
2019-05-13,7.0,5.0,2.0,4.0,1.0,3.0,6.0
2019-05-14,7.0,5.0,2.0,4.0,1.0,3.0,6.0
2019-05-15,7.0,5.0,2.0,4.0,1.0,3.0,6.0
2019-05-16,7.0,5.0,3.0,4.0,1.0,2.0,6.0
2019-05-17,7.0,5.0,2.0,4.0,1.0,3.0,6.0
2019-05-20,7.0,5.0,2.0,4.0,1.0,3.0,6.0
2019-05-21,7.0,5.0,2.0,4.0,1.0,3.0,6.0
2019-05-22,7.0,5.0,2.0,4.0,1.0,3.0,6.0
2019-05-23,7.0,5.0,2.0,4.0,1.0,3.0,6.0
2019-05-24,7.0,5.0,2.0,4.0,1.0,3.0,6.0
2019-05-28,7.0,5.0,2.0,4.0,1.0,3.0,6.0
2019-05-29,6.0,5.0,1.0,3.0,2.0,4.0,7.0
2019-05-30,6.0,5.0,1.0,3.0,2.0,4.0,7.0
2019-05-31,6.0,5.0,1.0,3.0,2.0,4.0,7.0
2019-06-03,6.0,5.0,1.0,3.0,2.0,4.0,7.0
2019-06-04,6.0,5.0,1.0,4.0,2.0,3.0,7.0
2019-06-05,6.0,5.0,2.0,4.0,1.0,3.0,7.0
2019-06-06,6.0,5.0,2.0,4.0,1.0,3.0,7.0
2019-06-07,6.0,4.0,2.0,5.0,1.0,3.0,7.0
2019-06-10,6.0,4.0,2.0,5.0,1.0,3.0,7.0
2019-06-11,6.0,4.0,2.0,5.0,1.0,3.0,7.0
2019-06-12,6.0,4.0,2.0,5.0,1.0,3.0,7.0
2019-06-13,6.0,5.0,2.0,4.0,1.0,3.0,7.0
2019-06-14,6.0,5.0,2.0,4.0,1.0,3.0,7.0
2019-06-17,7.0,5.0,2.0,4.0,1.0,3.0,6.0
2019-06-18,6.0,5.0,2.0,4.0,1.0,3.0,7.0
2019-06-19,5.0,6.0,2.0,4.0,1.0,3.0,7.0
2019-06-20,5.0,6.0,2.0,4.0,1.0,3.0,7.0
2019-06-21,5.0,6.0,3.0,4.0,1.0,2.0,7.0
2019-06-24,5.0,6.0,2.0,4.0,1.0,3.0,7.0
2019-06-25,5.0,6.0,1.0,4.0,2.0,3.0,7.0
2019-06-26,5.0,6.0,1.0,4.0,3.0,2.0,7.0
2019-06-27,4.0,6.0,1.0,5.0,3.0,2.0,7.0
2019-06-28,5.0,6.0,1.0,4.0,3.0,2.0,7.0
2019-07-01,4.0,5.0,2.0,6.0,3.0,1.0,7.0
2019-07-02,4.0,5.0,3.0,6.0,2.0,1.0,7.0
2019-07-03,5.0,4.0,3.0,6.0,2.0,1.0,7.0
2019-07-05,5.0,4.0,3.0,6.0,2.0,1.0,7.0
2019-07-08,6.0,4.0,3.0,5.0,1.0,2.0,7.0
2019-07-09,5.0,6.0,3.0,4.0,1.0,2.0,7.0
2019-07-10,4.0,6.0,3.0,5.0,1.0,2.0,7.0
2019-07-11,4.0,6.0,3.0,5.0,2.0,1.0,7.0
2019-07-12,4.0,5.0,3.0,6.0,2.0,1.0,7.0
2019-07-15,4.0,5.0,3.0,6.0,2.0,1.0,7.0
2019-07-16,4.0,6.0,3.0,5.0,2.0,1.0,7.0
2019-07-17,4.0,6.0,3.0,5.0,2.0,1.0,7.0
2019-07-18,4.0,5.0,3.0,6.0,2.0,1.0,7.0
2019-07-19,4.0,5.0,2.0,6.0,3.0,1.0,7.0
2019-07-22,4.0,6.0,2.0,5.0,3.0,1.0,7.0
2019-07-23,4.0,5.0,3.0,6.0,2.0,1.0,7.0
2019-07-24,4.0,5.0,3.0,6.0,2.0,1.0,7.0
2019-07-25,5.0,6.0,2.0,4.0,3.0,1.0,7.0
2019-07-26,5.0,6.0,3.0,4.0,2.0,1.0,7.0
2019-07-29,6.0,5.0,3.0,4.0,2.0,1.0,7.0
2019-07-30,6.0,7.0,3.0,4.0,2.0,1.0,5.0
2019-07-31,7.0,6.0,3.0,4.0,2.0,1.0,5.0
2019-08-01,7.0,5.0,1.0,4.0,3.0,2.0,6.0
2019-08-02,7.0,5.0,1.0,4.0,2.0,3.0,6.0
2019-08-05,7.0,5.0,1.0,4.0,2.0,3.0,6.0
2019-08-06,7.0,5.0,1.0,4.0,2.0,3.0,6.0
2019-08-07,7.0,5.0,1.0,4.0,2.0,3.0,6.0
2019-08-08,7.0,6.0,1.0,4.0,2.0,3.0,5.0
2019-08-09,7.0,5.0,1.0,4.0,2.0,3.0,6.0
2019-08-12,7.0,5.0,1.0,4.0,2.0,3.0,6.0
2019-08-13,7.0,5.0,1.0,4.0,2.0,3.0,6.0
2019-08-14,7.0,5.0,1.0,4.0,2.0,3.0,6.0
2019-08-15,7.0,5.0,1.0,4.0,2.0,3.0,6.0
2019-08-16,7.0,5.0,1.0,4.0,2.0,3.0,6.0
2019-08-19,7.0,6.0,1.0,4.0,2.0,3.0,5.0
2019-08-20,7.0,5.0,1.0,4.0,2.0,3.0,6.0
2019-08-21,7.0,5.0,1.0,4.0,2.0,3.0,6.0
2019-08-22,7.0,5.0,1.0,4.0,2.0,3.0,6.0
2019-08-23,7.0,5.0,1.0,3.0,2.0,4.0,6.0
2019-08-26,7.0,5.0,1.0,4.0,2.0,3.0,6.0
2019-08-27,6.0,5.0,1.0,4.0,2.0,3.0,7.0
2019-08-28,7.0,5.0,1.0,4.0,2.0,3.0,6.0
2019-08-29,7.0,5.0,1.0,4.0,2.0,3.0,6.0
2019-08-30,7.0,5.0,1.0,4.0,2.0,3.0,6.0
2019-09-03,6.0,5.0,1.0,4.0,2.0,3.0,7.0
2019-09-04,6.0,5.0,2.0,4.0,1.0,3.0,7.0
2019-09-05,6.0,5.0,2.0,4.0,1.0,3.0,7.0
2019-09-06,6.0,5.0,2.0,4.0,1.0,3.0,7.0
2019-09-09,6.0,5.0,2.0,4.0,1.0,3.0,7.0
2019-09-10,7.0,5.0,3.0,4.0,1.0,2.0,6.0
2019-09-11,7.0,6.0,3.0,5.0,1.0,2.0,4.0
2019-09-12,7.0,5.0,3.0,6.0,1.0,2.0,4.0
2019-09-13,7.0,5.0,3.0,6.0,1.0,2.0,4.0
2019-09-16,7.0,6.0,3.0,5.0,1.0,2.0,4.0
2019-09-17,7.0,5.0,3.0,6.0,1.0,2.0,4.0
2019-09-18,7.0,5.0,3.0,6.0,1.0,2.0,4.0
2019-09-19,7.0,4.0,3.0,5.0,1.0,2.0,6.0
2019-09-20,7.0,4.0,3.0,5.0,1.0,2.0,6.0
2019-09-23,7.0,4.0,3.0,5.0,1.0,2.0,6.0
2019-09-24,7.0,5.0,2.0,4.0,1.0,3.0,6.0
2019-09-25,7.0,5.0,3.0,4.0,1.0,2.0,6.0
2019-09-26,7.0,4.0,3.0,5.0,1.0,2.0,6.0
2019-09-27,7.0,5.0,2.0,4.0,1.0,3.0,6.0
2019-09-30,7.0,4.0,2.0,5.0,1.0,3.0,6.0
2019-10-01,7.0,5.0,2.0,4.0,1.0,3.0,6.0
2019-10-02,7.0,5.0,2.0,4.0,1.0,3.0,6.0
2019-10-03,6.0,5.0,2.0,4.0,1.0,3.0,7.0
2019-10-04,6.0,5.0,2.0,4.0,1.0,3.0,7.0
2019-10-07,7.0,5.0,2.0,4.0,1.0,3.0,6.0
2019-10-08,6.0,5.0,2.0,4.0,1.0,3.0,7.0
2019-10-09,6.0,5.0,2.0,4.0,1.0,3.0,7.0
2019-10-10,6.0,4.0,2.0,5.0,1.0,3.0,7.0
2019-10-11,6.0,4.0,3.0,5.0,1.0,2.0,7.0
2019-10-14,6.0,4.0,3.0,5.0,1.0,2.0,7.0
2019-10-15,6.0,4.0,3.0,5.0,1.0,2.0,7.0
2019-10-16,6.0,4.0,3.0,5.0,1.0,2.0,7.0
2019-10-17,5.0,4.0,3.0,6.0,1.0,2.0,7.0
2019-10-18,6.0,4.0,3.0,5.0,1.0,2.0,7.0
2019-10-21,6.0,3.0,4.0,7.0,1.0,2.0,5.0
2019-10-22,6.0,4.0,3.0,7.0,1.0,2.0,5.0
2019-10-23,6.0,3.0,4.0,7.0,1.0,2.0,5.0
2019-10-24,5.0,3.0,4.0,7.0,1.0,2.0,6.0
2019-10-25,5.0,3.0,4.0,7.0,1.0,2.0,6.0
2019-10-28,6.0,3.0,4.0,7.0,1.0,2.0,5.0
2019-10-29,6.0,3.0,4.0,7.0,1.0,2.0,5.0
2019-10-30,6.0,3.0,4.0,7.0,1.0,2.0,5.0
2019-10-31,6.0,3.0,4.0,7.0,1.0,2.0,5.0
2019-11-01,6.0,3.0,5.0,7.0,2.0,1.0,4.0
2019-11-04,5.0,3.0,6.0,7.0,2.0,1.0,4.0
2019-11-05,4.0,2.0,6.0,7.0,3.0,1.0,5.0
2019-11-06,4.0,2.0,6.0,7.0,3.0,1.0,5.0
2019-11-07,3.0,2.0,6.0,7.0,4.0,1.0,5.0
2019-11-08,4.0,2.0,6.0,7.0,5.0,1.0,3.0
2019-11-11,5.0,2.0,6.0,7.0,4.0,1.0,3.0
2019-11-12,5.0,2.0,6.0,7.0,4.0,1.0,3.0
2019-11-13,6.0,2.0,5.0,7.0,4.0,1.0,3.0
2019-11-14,6.0,2.0,5.0,7.0,3.0,1.0,4.0
2019-11-15,5.0,2.0,6.0,7.0,3.0,1.0,4.0
2019-11-18,6.0,2.0,5.0,7.0,3.0,1.0,4.0
2019-11-19,6.0,2.0,5.0,7.0,3.0,1.0,4.0
2019-11-20,6.0,3.0,5.0,7.0,2.0,1.0,4.0
2019-11-21,6.0,2.0,5.0,7.0,3.0,1.0,4.0
2019-11-22,6.0,2.0,5.0,7.0,4.0,1.0,3.0
2019-11-25,5.0,2.0,6.0,7.0,4.0,1.0,3.0
2019-11-26,6.0,3.0,5.0,7.0,4.0,1.0,2.0
2019-11-27,5.0,3.0,6.0,7.0,4.0,1.0,2.0
2019-11-29,6.0,3.0,5.0,7.0,4.0,1.0,2.0
2019-12-02,6.0,3.0,5.0,7.0,4.0,1.0,2.0
2019-12-03,6.0,3.0,5.0,7.0,4.0,1.0,2.0
2019-12-04,6.0,2.0,5.0,7.0,4.0,1.0,3.0
2019-12-05,6.0,3.0,5.0,7.0,4.0,1.0,2.0
2019-12-06,5.0,3.0,6.0,7.0,4.0,1.0,2.0
2019-12-09,6.0,3.0,5.0,7.0,4.0,1.0,2.0
2019-12-10,5.0,3.0,6.0,7.0,4.0,1.0,2.0
2019-12-11,4.0,3.0,6.0,7.0,5.0,1.0,2.0
2019-12-12,4.0,3.0,5.0,6.0,7.0,1.0,2.0
2019-12-13,4.0,2.0,5.0,6.0,7.0,1.0,3.0
2019-12-16,4.0,3.0,5.0,6.0,7.0,1.0,2.0
2019-12-17,4.0,3.0,6.0,5.0,7.0,1.0,2.0
2019-12-18,4.0,3.0,6.0,5.0,7.0,1.0,2.0
2019-12-19,4.0,3.0,6.0,5.0,7.0,1.0,2.0
2019-12-20,4.0,3.0,6.0,5.0,7.0,1.0,2.0
2019-12-23,4.0,3.0,6.0,5.0,7.0,1.0,2.0
2019-12-24,4.0,3.0,6.0,5.0,7.0,1.0,2.0
2019-12-26,4.0,3.0,6.0,5.0,7.0,1.0,2.0
2019-12-27,4.0,3.0,5.0,6.0,7.0,1.0,2.0
2019-12-30,3.0,4.0,5.0,6.0,7.0,1.0,2.0
2019-12-31,4.0,3.0,7.0,6.0,5.0,1.0,2.0
2020-01-02,2.0,4.0,6.0,5.0,7.0,1.0,3.0
2020-01-03,3.0,4.0,5.0,6.0,7.0,1.0,2.0
2020-01-06,4.0,3.0,5.0,6.0,7.0,1.0,2.0
2020-01-07,4.0,3.0,5.0,6.0,7.0,1.0,2.0
2020-01-08,3.0,4.0,6.0,5.0,7.0,1.0,2.0
2020-01-09,3.0,4.0,6.0,5.0,7.0,1.0,2.0
2020-01-10,2.0,4.0,5.0,6.0,7.0,1.0,3.0
2020-01-13,2.0,4.0,7.0,5.0,6.0,1.0,3.0
2020-01-14,2.0,4.0,5.0,6.0,7.0,1.0,3.0
2020-01-15,3.0,4.0,6.0,7.0,5.0,1.0,2.0
2020-01-16,3.0,4.0,7.0,6.0,5.0,1.0,2.0
2020-01-17,3.0,4.0,7.0,6.0,5.0,1.0,2.0
2020-01-21,4.0,3.0,6.0,7.0,5.0,1.0,2.0
2020-01-22,3.0,4.0,6.0,7.0,5.0,1.0,2.0
2020-01-23,4.0,3.0,6.0,7.0,5.0,1.0,2.0
2020-01-24,4.0,3.0,6.0,7.0,5.0,1.0,2.0
2020-01-27,6.0,4.0,3.0,7.0,5.0,1.0,2.0
2020-01-28,6.0,3.0,5.0,7.0,4.0,1.0,2.0
2020-01-29,6.0,3.0,4.0,7.0,5.0,1.0,2.0
2020-01-30,7.0,3.0,4.0,6.0,5.0,1.0,2.0
2020-01-31,7.0,4.0,2.0,6.0,5.0,1.0,3.0
2020-02-03,7.0,4.0,3.0,6.0,5.0,1.0,2.0
2020-02-04,6.0,3.0,4.0,7.0,5.0,1.0,2.0
2020-02-05,4.0,3.0,6.0,7.0,5.0,1.0,2.0
2020-02-06,4.0,3.0,6.0,7.0,5.0,1.0,2.0
2020-02-07,6.0,3.0,4.0,7.0,5.0,1.0,2.0
2020-02-10,6.0,3.0,5.0,7.0,4.0,1.0,2.0
2020-02-11,5.0,3.0,6.0,7.0,4.0,1.0,2.0
2020-02-12,4.0,3.0,6.0,7.0,5.0,1.0,2.0
2020-02-13,5.0,4.0,6.0,7.0,3.0,1.0,2.0
2020-02-14,5.0,4.0,6.0,7.0,3.0,1.0,2.0
2020-02-18,6.0,4.0,5.0,7.0,3.0,1.0,2.0
2020-02-19,5.0,4.0,6.0,7.0,3.0,1.0,2.0
2020-02-20,6.0,4.0,5.0,7.0,3.0,1.0,2.0
2020-02-21,6.0,5.0,4.0,7.0,3.0,1.0,2.0
2020-02-24,7.0,6.0,3.0,5.0,2.0,1.0,4.0
2020-02-25,7.0,6.0,1.0,5.0,3.0,2.0,4.0
2020-02-26,6.0,7.0,1.0,4.0,3.0,2.0,5.0
2020-02-27,4.0,7.0,1.0,3.0,6.0,2.0,5.0
2020-02-28,4.0,5.0,1.0,2.0,7.0,3.0,6.0
2020-03-02,4.0,7.0,1.0,3.0,6.0,2.0,5.0
2020-03-03,4.0,7.0,1.0,3.0,5.0,2.0,6.0
2020-03-04,5.0,7.0,1.0,3.0,4.0,2.0,6.0
2020-03-05,5.0,6.0,1.0,3.0,4.0,2.0,7.0
2020-03-06,5.0,6.0,1.0,3.0,4.0,2.0,7.0
2020-03-09,4.0,6.0,1.0,2.0,5.0,3.0,7.0
2020-03-10,4.0,6.0,1.0,3.0,5.0,2.0,7.0
2020-03-11,4.0,6.0,1.0,2.0,5.0,3.0,7.0
2020-03-12,4.0,6.0,1.0,2.0,5.0,3.0,7.0
2020-03-13,4.0,6.0,1.0,2.0,5.0,3.0,7.0
2020-03-16,4.0,5.0,1.0,2.0,6.0,3.0,7.0
2020-03-17,4.0,5.0,1.0,2.0,6.0,3.0,7.0
2020-03-18,4.0,5.0,1.0,2.0,6.0,3.0,7.0
2020-03-19,4.0,5.0,1.0,2.0,7.0,3.0,6.0
2020-03-20,4.0,5.0,1.0,2.0,7.0,3.0,6.0
2020-03-23,4.0,5.0,1.0,2.0,7.0,3.0,6.0
2020-03-24,4.0,5.0,1.0,2.0,7.0,3.0,6.0
2020-03-25,4.0,5.0,1.0,2.0,7.0,3.0,6.0
2020-03-26,4.0,5.0,1.0,3.0,7.0,2.0,6.0
2020-03-27,5.0,4.0,1.0,2.0,6.0,3.0,7.0
2020-03-30,5.0,4.0,1.0,2.0,7.0,3.0,6.0
2020-03-31,5.0,4.0,1.0,2.0,7.0,3.0,6.0
2020-04-01,5.0,4.0,1.0,2.0,7.0,3.0,6.0
2020-04-02,4.0,5.0,1.0,2.0,7.0,3.0,6.0
2020-04-03,4.0,5.0,1.0,2.0,7.0,3.0,6.0
2020-04-06,4.0,5.0,1.0,3.0,7.0,2.0,6.0
2020-04-07,4.0,5.0,1.0,3.0,7.0,2.0,6.0
2020-04-08,4.0,5.0,1.0,3.0,7.0,2.0,6.0
2020-04-09,5.0,4.0,1.0,2.0,6.0,3.0,7.0
2020-04-13,4.0,5.0,1.0,2.0,7.0,3.0,6.0
2020-04-14,4.0,5.0,1.0,3.0,7.0,2.0,6.0
2020-04-15,4.0,5.0,1.0,2.0,6.0,3.0,7.0
2020-04-16,4.0,5.0,1.0,3.0,7.0,2.0,6.0
2020-04-17,4.0,5.0,1.0,3.0,7.0,2.0,6.0
2020-04-20,4.0,5.0,1.0,3.0,7.0,2.0,6.0
2020-04-21,4.0,5.0,1.0,3.0,7.0,2.0,6.0
2020-04-22,4.0,5.0,1.0,3.0,7.0,2.0,6.0
2020-04-23,4.0,5.0,1.0,3.0,7.0,2.0,6.0
2020-04-24,4.0,5.0,1.0,3.0,7.0,2.0,6.0
2020-04-27,4.0,5.0,1.0,3.0,7.0,2.0,6.0
2020-04-28,4.0,5.0,1.0,3.0,7.0,2.0,6.0
2020-04-29,4.0,6.0,1.0,3.0,7.0,2.0,5.0
2020-04-30,4.0,5.0,1.0,3.0,7.0,2.0,6.0
2020-05-01,5.0,4.0,1.0,3.0,7.0,2.0,6.0
2020-05-04,4.0,5.0,1.0,3.0,7.0,2.0,6.0
2020-05-05,4.0,5.0,1.0,3.0,7.0,2.0,6.0
2020-05-06,4.0,5.0,1.0,3.0,7.0,2.0,6.0
2020-05-07,4.0,5.0,1.0,3.0,7.0,2.0,6.0
2020-05-08,4.0,5.0,1.0,3.0,7.0,2.0,6.0
2020-05-11,4.0,5.0,1.0,3.0,7.0,2.0,6.0
2020-05-12,4.0,5.0,1.0,3.0,7.0,2.0,6.0
2020-05-13,4.0,5.0,1.0,3.0,7.0,2.0,6.0
2020-05-14,4.0,5.0,1.0,3.0,7.0,2.0,6.0
2020-05-15,4.0,5.0,1.0,3.0,7.0,2.0,6.0
2020-05-18,4.0,5.0,1.0,3.0,7.0,2.0,6.0
2020-05-19,4.0,5.0,1.0,3.0,7.0,2.0,6.0
2020-05-20,4.0,5.0,1.0,3.0,7.0,2.0,6.0
2020-05-21,4.0,6.0,1.0,3.0,7.0,2.0,5.0
2020-05-22,6.0,5.0,1.0,3.0,7.0,2.0,4.0
2020-05-26,6.0,5.0,1.0,3.0,7.0,2.0,4.0
2020-05-27,6.0,5.0,1.0,4.0,7.0,2.0,3.0
2020-05-28,6.0,4.0,1.0,3.0,7.0,2.0,5.0
2020-05-29,6.0,4.0,1.0,3.0,7.0,2.0,5.0
2020-06-01,5.0,4.0,1.0,3.0,7.0,2.0,6.0
2020-06-02,4.0,5.0,1.0,3.0,7.0,2.0,6.0
2020-06-03,3.0,4.0,1.0,5.0,7.0,2.0,6.0
2020-06-04,5.0,3.0,1.0,4.0,7.0,2.0,6.0
2020-06-05,5.0,4.0,2.0,6.0,7.0,1.0,3.0
2020-06-08,5.0,4.0,2.0,6.0,7.0,1.0,3.0
2020-06-09,5.0,4.0,2.0,6.0,7.0,1.0,3.0
2020-06-10,3.0,4.0,2.0,6.0,7.0,1.0,5.0
2020-06-11,4.0,5.0,1.0,3.0,7.0,2.0,6.0
2020-06-12,3.0,5.0,1.0,4.0,7.0,2.0,6.0
2020-06-15,4.0,5.0,1.0,3.0,7.0,2.0,6.0
2020-06-16,5.0,6.0,1.0,3.0,7.0,2.0,4.0
2020-06-17,4.0,5.0,1.0,3.0,7.0,2.0,6.0
2020-06-18,3.0,5.0,1.0,4.0,7.0,2.0,6.0
2020-06-19,3.0,5.0,1.0,4.0,7.0,2.0,6.0
2020-06-22,3.0,5.0,1.0,4.0,7.0,2.0,6.0
2020-06-23,3.0,4.0,1.0,5.0,7.0,2.0,6.0
2020-06-24,3.0,5.0,1.0,4.0,7.0,2.0,6.0
2020-06-25,3.0,4.0,1.0,5.0,7.0,2.0,6.0
2020-06-26,3.0,5.0,1.0,4.0,7.0,2.0,6.0
2020-06-29,3.0,4.0,1.0,6.0,7.0,2.0,5.0
2020-06-30,3.0,5.0,1.0,6.0,7.0,2.0,4.0
2020-07-01,3.0,4.0,1.0,6.0,7.0,2.0,5.0
2020-07-02,3.0,4.0,1.0,6.0,7.0,2.0,5.0
2020-07-06,1.0,4.0,3.0,6.0,7.0,2.0,5.0
2020-07-07,3.0,4.0,1.0,5.0,7.0,2.0,6.0
2020-07-08,1.0,4.0,2.0,5.0,7.0,3.0,6.0
2020-07-09,1.0,4.0,2.0,5.0,7.0,3.0,6.0
2020-07-10,1.0,4.0,3.0,5.0,7.0,2.0,6.0
2020-07-13,1.0,4.0,2.0,5.0,7.0,3.0,6.0
2020-07-14,2.0,4.0,3.0,5.0,7.0,1.0,6.0
2020-07-15,2.0,4.0,3.0,6.0,7.0,1.0,5.0
2020-07-16,3.0,4.0,2.0,6.0,7.0,1.0,5.0
2020-07-17,3.0,4.0,2.0,6.0,7.0,1.0,5.0
2020-07-20,2.0,4.0,3.0,6.0,7.0,1.0,5.0
2020-07-21,2.0,4.0,3.0,6.0,7.0,1.0,5.0
2020-07-22,2.0,4.0,3.0,6.0,7.0,1.0,5.0
2020-07-23,2.0,5.0,3.0,6.0,7.0,1.0,4.0
2020-07-24,2.0,4.0,3.0,5.0,7.0,1.0,6.0
2020-07-27,1.0,4.0,3.0,6.0,7.0,2.0,5.0
2020-07-28,1.0,4.0,3.0,5.0,7.0,2.0,6.0
2020-07-29,1.0,4.0,3.0,6.0,7.0,2.0,5.0
2020-07-30,2.0,6.0,3.0,5.0,7.0,1.0,4.0
2020-07-31,2.0,6.0,3.0,4.0,7.0,1.0,5.0
2020-08-03,2.0,6.0,3.0,5.0,7.0,1.0,4.0
2020-08-04,2.0,5.0,3.0,6.0,7.0,1.0,4.0
2020-08-05,2.0,5.0,3.0,6.0,7.0,1.0,4.0
2020-08-06,2.0,5.0,3.0,6.0,7.0,1.0,4.0
2020-08-07,2.0,6.0,4.0,5.0,7.0,1.0,3.0
2020-08-10,2.0,5.0,4.0,6.0,7.0,1.0,3.0
2020-08-11,2.0,5.0,4.0,6.0,7.0,1.0,3.0
2020-08-12,2.0,5.0,4.0,6.0,7.0,1.0,3.0
2020-08-13,2.0,5.0,4.0,6.0,7.0,1.0,3.0
2020-08-14,2.0,5.0,4.0,6.0,7.0,1.0,3.0
2020-08-17,2.0,5.0,4.0,6.0,7.0,1.0,3.0
2020-08-18,2.0,5.0,4.0,6.0,7.0,1.0,3.0
2020-08-19,2.0,5.0,4.0,6.0,7.0,1.0,3.0
2020-08-20,2.0,5.0,4.0,6.0,7.0,1.0,3.0
2020-08-21,2.0,5.0,4.0,6.0,7.0,1.0,3.0
2020-08-24,2.0,5.0,4.0,6.0,7.0,1.0,3.0
2020-08-25,2.0,5.0,4.0,6.0,7.0,1.0,3.0
2020-08-26,2.0,5.0,4.0,6.0,7.0,1.0,3.0
2020-08-27,2.0,5.0,4.0,6.0,7.0,1.0,3.0
2020-08-28,2.0,5.0,4.0,6.0,7.0,1.0,3.0
2020-08-31,2.0,5.0,4.0,6.0,7.0,1.0,3.0
2020-09-01,2.0,5.0,4.0,6.0,7.0,1.0,3.0
2020-09-02,2.0,5.0,4.0,6.0,7.0,1.0,3.0
2020-09-03,2.0,5.0,3.0,6.0,7.0,1.0,4.0
2020-09-04,2.0,5.0,3.0,6.0,7.0,1.0,4.0
2020-09-08,2.0,5.0,3.0,6.0,7.0,1.0,4.0
2020-09-09,2.0,5.0,3.0,6.0,7.0,1.0,4.0
2020-09-10,2.0,5.0,3.0,6.0,7.0,1.0,4.0
2020-09-11,2.0,4.0,3.0,6.0,7.0,1.0,5.0
2020-09-14,2.0,5.0,3.0,6.0,7.0,1.0,4.0
2020-09-15,2.0,5.0,3.0,6.0,7.0,1.0,4.0
2020-09-16,2.0,5.0,4.0,6.0,7.0,1.0,3.0
2020-09-17,1.0,5.0,4.0,6.0,7.0,2.0,3.0
2020-09-18,1.0,5.0,3.0,6.0,7.0,2.0,4.0
2020-09-21,1.0,4.0,3.0,6.0,7.0,2.0,5.0
2020-09-22,2.0,5.0,3.0,6.0,7.0,1.0,4.0
2020-09-23,2.0,4.0,3.0,5.0,7.0,1.0,6.0
2020-09-24,2.0,4.0,3.0,5.0,7.0,1.0,6.0
2020-09-25,2.0,4.0,3.0,6.0,7.0,1.0,5.0
2020-09-28,2.0,5.0,3.0,6.0,7.0,1.0,4.0
2020-09-29,2.0,5.0,3.0,6.0,7.0,1.0,4.0
2020-09-30,2.0,5.0,3.0,6.0,7.0,1.0,4.0
2020-10-01,2.0,5.0,3.0,6.0,7.0,1.0,4.0
2020-10-02,2.0,5.0,4.0,6.0,7.0,1.0,3.0
2020-10-05,2.0,5.0,4.0,6.0,7.0,1.0,3.0
2020-10-06,2.0,5.0,4.0,6.0,7.0,1.0,3.0
2020-10-07,2.0,5.0,4.0,6.0,7.0,1.0,3.0
2020-10-08,2.0,4.0,5.0,6.0,7.0,1.0,3.0
2020-10-09,2.0,4.0,5.0,6.0,7.0,1.0,3.0
2020-10-12,2.0,4.0,5.0,6.0,7.0,1.0,3.0
2020-10-13,2.0,4.0,5.0,6.0,7.0,1.0,3.0
2020-10-14,2.0,4.0,5.0,6.0,7.0,1.0,3.0
2020-10-15,3.0,5.0,4.0,6.0,7.0,1.0,2.0
2020-10-16,3.0,5.0,4.0,6.0,7.0,1.0,2.0
2020-10-19,2.0,5.0,4.0,6.0,7.0,1.0,3.0
2020-10-20,1.0,4.0,5.0,6.0,7.0,2.0,3.0
2020-10-21,1.0,5.0,4.0,6.0,7.0,2.0,3.0
2020-10-22,1.0,4.0,5.0,6.0,7.0,2.0,3.0
2020-10-23,1.0,4.0,5.0,6.0,7.0,2.0,3.0
2020-10-26,1.0,5.0,4.0,6.0,7.0,2.0,3.0
2020-10-27,1.0,6.0,4.0,5.0,7.0,2.0,3.0
2020-10-28,1.0,6.0,4.0,5.0,7.0,2.0,3.0
2020-10-29,1.0,6.0,4.0,5.0,7.0,2.0,3.0
2020-10-30,1.0,6.0,4.0,5.0,7.0,2.0,3.0
2020-11-02,1.0,6.0,4.0,5.0,7.0,3.0,2.0
2020-11-03,1.0,4.0,5.0,6.0,7.0,3.0,2.0
2020-11-04,1.0,4.0,5.0,6.0,7.0,2.0,3.0
2020-11-05,1.0,4.0,6.0,5.0,7.0,3.0,2.0
2020-11-06,1.0,4.0,6.0,5.0,7.0,2.0,3.0
2020-11-09,1.0,4.0,6.0,5.0,7.0,3.0,2.0
2020-11-10,2.0,4.0,6.0,5.0,7.0,3.0,1.0
2020-11-11,2.0,4.0,6.0,5.0,7.0,3.0,1.0
2020-11-12,2.0,4.0,6.0,5.0,7.0,3.0,1.0
2020-11-13,2.0,4.0,6.0,5.0,7.0,3.0,1.0
2020-11-16,2.0,4.0,6.0,5.0,7.0,3.0,1.0
2020-11-17,2.0,4.0,6.0,5.0,7.0,3.0,1.0
2020-11-18,2.0,4.0,6.0,5.0,7.0,3.0,1.0
2020-11-19,2.0,4.0,6.0,5.0,7.0,3.0,1.0
2020-11-20,2.0,4.0,6.0,5.0,7.0,3.0,1.0
2020-11-23,2.0,4.0,6.0,5.0,7.0,3.0,1.0
2020-11-24,2.0,4.0,6.0,5.0,7.0,3.0,1.0
2020-11-25,2.0,4.0,6.0,5.0,7.0,3.0,1.0
2020-11-27,2.0,4.0,6.0,5.0,7.0,3.0,1.0
2020-11-30,2.0,4.0,6.0,5.0,7.0,3.0,1.0
2020-12-01,2.0,4.0,6.0,5.0,7.0,3.0,1.0
2020-12-02,2.0,4.0,6.0,5.0,7.0,3.0,1.0
2020-12-03,2.0,4.0,6.0,5.0,7.0,3.0,1.0
2020-12-04,2.0,4.0,7.0,5.0,6.0,3.0,1.0
2020-12-07,2.0,4.0,7.0,5.0,6.0,3.0,1.0
2020-12-08,2.0,4.0,6.0,5.0,7.0,3.0,1.0
2020-12-09,2.0,4.0,6.0,5.0,7.0,3.0,1.0
2020-12-10,2.0,4.0,6.0,5.0,7.0,3.0,1.0
2020-12-11,2.0,4.0,6.0,5.0,7.0,3.0,1.0
2020-12-14,2.0,4.0,6.0,5.0,7.0,3.0,1.0
2020-12-15,2.0,4.0,6.0,5.0,7.0,3.0,1.0
2020-12-16,2.0,4.0,6.0,5.0,7.0,3.0,1.0
2020-12-17,2.0,4.0,7.0,5.0,6.0,3.0,1.0
2020-12-18,2.0,4.0,6.0,5.0,7.0,3.0,1.0
2020-12-21,2.0,4.0,6.0,5.0,7.0,3.0,1.0
2020-12-22,2.0,4.0,6.0,5.0,7.0,3.0,1.0
2020-12-23,2.0,4.0,6.0,5.0,7.0,3.0,1.0
2020-12-24,2.0,4.0,6.0,5.0,7.0,3.0,1.0
2020-12-28,2.0,4.0,7.0,5.0,6.0,3.0,1.0
2020-12-29,2.0,4.0,6.0,5.0,7.0,3.0,1.0
2020-12-30,2.0,4.0,7.0,5.0,6.0,3.0,1.0
2020-12-31,2.0,4.0,7.0,5.0,6.0,3.0,1.0
2021-01-04,2.0,3.0,6.0,5.0,7.0,4.0,1.0
2021-01-05,2.0,3.0,6.0,5.0,7.0,4.0,1.0
2021-01-06,2.0,3.0,6.0,5.0,7.0,4.0,1.0
2021-01-07,2.0,3.0,6.0,5.0,7.0,4.0,1.0
2021-01-08,2.0,3.0,7.0,5.0,6.0,4.0,1.0
2021-01-11,2.0,3.0,6.0,5.0,7.0,4.0,1.0
2021-01-12,2.0,3.0,6.0,5.0,7.0,4.0,1.0
2021-01-13,2.0,3.0,7.0,5.0,6.0,4.0,1.0
2021-01-14,2.0,3.0,7.0,5.0,6.0,4.0,1.0
2021-01-15,2.0,3.0,7.0,5.0,6.0,4.0,1.0
2021-01-19,2.0,3.0,7.0,5.0,6.0,4.0,1.0
2021-01-20,2.0,4.0,7.0,5.0,6.0,3.0,1.0
2021-01-21,2.0,4.0,7.0,5.0,6.0,3.0,1.0
2021-01-22,2.0,4.0,7.0,5.0,6.0,3.0,1.0
2021-01-25,2.0,4.0,7.0,5.0,6.0,3.0,1.0
2021-01-26,2.0,4.0,7.0,6.0,5.0,3.0,1.0
2021-01-27,2.0,4.0,7.0,5.0,6.0,3.0,1.0
2021-01-28,2.0,4.0,7.0,5.0,6.0,3.0,1.0
2021-01-29,2.0,4.0,7.0,5.0,6.0,3.0,1.0
2021-02-01,2.0,4.0,7.0,6.0,5.0,3.0,1.0
2021-02-02,2.0,4.0,7.0,6.0,5.0,3.0,1.0
2021-02-03,2.0,4.0,7.0,6.0,5.0,3.0,1.0
2021-02-04,2.0,4.0,7.0,6.0,5.0,3.0,1.0
2021-02-05,2.0,4.0,7.0,6.0,5.0,3.0,1.0
2021-02-08,2.0,4.0,7.0,6.0,5.0,3.0,1.0
2021-02-09,2.0,4.0,7.0,6.0,5.0,3.0,1.0
2021-02-10,2.0,4.0,7.0,6.0,5.0,3.0,1.0
2021-02-11,2.0,4.0,7.0,6.0,5.0,3.0,1.0
2021-02-12,2.0,4.0,7.0,6.0,5.0,3.0,1.0
2021-02-16,2.0,3.0,7.0,6.0,5.0,4.0,1.0
2021-02-17,2.0,4.0,7.0,6.0,5.0,3.0,1.0
2021-02-18,2.0,4.0,7.0,6.0,5.0,3.0,1.0
2021-02-19,2.0,3.0,7.0,6.0,5.0,4.0,1.0
2021-02-22,2.0,3.0,7.0,6.0,5.0,4.0,1.0
2021-02-23,2.0,3.0,7.0,6.0,5.0,4.0,1.0
2021-02-24,2.0,4.0,7.0,6.0,5.0,3.0,1.0
2021-02-25,2.0,3.0,7.0,6.0,5.0,4.0,1.0
2021-02-26,2.0,4.0,7.0,6.0,5.0,3.0,1.0
2021-03-01,2.0,4.0,7.0,6.0,5.0,3.0,1.0
2021-03-02,2.0,4.0,7.0,6.0,5.0,3.0,1.0
2021-03-03,2.0,3.0,7.0,6.0,5.0,4.0,1.0
2021-03-04,2.0,3.0,7.0,6.0,5.0,4.0,1.0
2021-03-05,2.0,4.0,7.0,6.0,5.0,3.0,1.0
2021-03-08,2.0,4.0,7.0,6.0,5.0,3.0,1.0
2021-03-09,2.0,4.0,7.0,6.0,5.0,3.0,1.0
2021-03-10,2.0,4.0,7.0,6.0,5.0,3.0,1.0
2021-03-11,2.0,4.0,7.0,6.0,5.0,3.0,1.0
2021-03-12,2.0,4.0,7.0,6.0,5.0,3.0,1.0
2021-03-15,2.0,4.0,7.0,6.0,5.0,3.0,1.0
2021-03-16,2.0,4.0,7.0,6.0,5.0,3.0,1.0
2021-03-17,2.0,4.0,7.0,6.0,5.0,3.0,1.0
2021-03-18,2.0,3.0,7.0,6.0,5.0,4.0,1.0
2021-03-19,2.0,3.0,7.0,6.0,5.0,4.0,1.0
2021-03-22,2.0,4.0,7.0,6.0,5.0,3.0,1.0
2021-03-23,2.0,4.0,7.0,6.0,5.0,3.0,1.0
2021-03-24,4.0,3.0,7.0,6.0,5.0,2.0,1.0
2021-03-25,4.0,3.0,7.0,6.0,5.0,2.0,1.0
2021-03-26,3.0,4.0,7.0,6.0,5.0,2.0,1.0
2021-03-29,3.0,4.0,7.0,6.0,5.0,2.0,1.0
2021-03-30,3.0,4.0,7.0,6.0,5.0,2.0,1.0
2021-03-31,3.0,4.0,7.0,6.0,5.0,2.0,1.0
2021-04-01,3.0,4.0,7.0,6.0,5.0,2.0,1.0
2021-04-05,4.0,3.0,7.0,6.0,5.0,2.0,1.0
2021-04-06,3.0,4.0,7.0,6.0,5.0,2.0,1.0
2021-04-07,4.0,3.0,7.0,6.0,5.0,2.0,1.0
2021-04-08,3.0,4.0,7.0,6.0,5.0,2.0,1.0
2021-04-09,4.0,3.0,7.0,6.0,5.0,2.0,1.0
2021-04-12,4.0,3.0,7.0,6.0,5.0,2.0,1.0
2021-04-13,5.0,3.0,7.0,6.0,4.0,2.0,1.0
2021-04-14,4.0,3.0,7.0,6.0,5.0,2.0,1.0
2021-04-15,5.0,3.0,7.0,6.0,4.0,2.0,1.0
2021-04-16,5.0,3.0,7.0,6.0,4.0,2.0,1.0
2021-04-19,5.0,3.0,7.0,6.0,4.0,2.0,1.0
2021-04-20,5.0,4.0,7.0,6.0,3.0,2.0,1.0
2021-04-21,5.0,4.0,7.0,6.0,3.0,2.0,1.0
2021-04-22,5.0,4.0,7.0,6.0,3.0,2.0,1.0
2021-04-23,5.0,4.0,7.0,6.0,3.0,2.0,1.0
2021-04-26,5.0,4.0,7.0,6.0,3.0,2.0,1.0
2021-04-27,5.0,4.0,7.0,6.0,3.0,2.0,1.0
2021-04-28,4.0,5.0,7.0,6.0,3.0,2.0,1.0
2021-04-29,5.0,4.0,7.0,6.0,3.0,2.0,1.0
2021-04-30,5.0,4.0,7.0,6.0,2.0,3.0,1.0
2021-05-03,5.0,4.0,7.0,6.0,3.0,2.0,1.0
2021-05-04,5.0,4.0,7.0,6.0,3.0,2.0,1.0
2021-05-05,5.0,4.0,7.0,6.0,3.0,2.0,1.0
2021-05-06,5.0,3.0,7.0,6.0,4.0,2.0,1.0
2021-05-07,5.0,4.0,7.0,6.0,3.0,2.0,1.0
2021-05-10,5.0,4.0,7.0,6.0,3.0,2.0,1.0
2021-05-11,5.0,4.0,7.0,6.0,3.0,2.0,1.0
2021-05-12,5.0,3.0,7.0,6.0,4.0,2.0,1.0
2021-05-13,5.0,4.0,7.0,6.0,3.0,2.0,1.0
2021-05-14,5.0,3.0,7.0,6.0,4.0,2.0,1.0
2021-05-17,5.0,4.0,7.0,6.0,3.0,2.0,1.0
2021-05-18,5.0,4.0,7.0,6.0,3.0,2.0,1.0
2021-05-19,5.0,4.0,7.0,6.0,3.0,2.0,1.0
2021-05-20,5.0,4.0,7.0,6.0,3.0,2.0,1.0
2021-05-21,5.0,4.0,7.0,6.0,3.0,2.0,1.0
2021-05-24,5.0,4.0,7.0,6.0,2.0,3.0,1.0
2021-05-25,5.0,4.0,7.0,6.0,2.0,3.0,1.0
2021-05-26,5.0,4.0,7.0,6.0,2.0,3.0,1.0
2021-05-27,5.0,4.0,7.0,6.0,2.0,3.0,1.0
2021-05-28,5.0,4.0,7.0,6.0,2.0,3.0,1.0
2021-06-01,5.0,4.0,7.0,6.0,2.0,3.0,1.0
2021-06-02,5.0,3.0,7.0,6.0,2.0,4.0,1.0
2021-06-03,5.0,3.0,7.0,6.0,2.0,4.0,1.0
2021-06-04,5.0,3.0,7.0,6.0,2.0,4.0,1.0
2021-06-07,5.0,3.0,7.0,6.0,2.0,4.0,1.0
2021-06-08,5.0,3.0,7.0,6.0,2.0,4.0,1.0
2021-06-09,5.0,3.0,7.0,6.0,2.0,4.0,1.0
2021-06-10,5.0,4.0,7.0,6.0,1.0,3.0,2.0
2021-06-11,5.0,4.0,7.0,6.0,2.0,3.0,1.0
2021-06-14,5.0,4.0,7.0,6.0,2.0,3.0,1.0
2021-06-15,5.0,4.0,7.0,6.0,2.0,3.0,1.0
2021-06-16,5.0,4.0,7.0,6.0,2.0,3.0,1.0
2021-06-17,5.0,4.0,7.0,6.0,2.0,3.0,1.0
2021-06-18,5.0,4.0,7.0,6.0,1.0,3.0,2.0
2021-06-21,5.0,4.0,7.0,6.0,1.0,3.0,2.0
2021-06-22,5.0,4.0,7.0,6.0,2.0,3.0,1.0
2021-06-23,5.0,4.0,7.0,6.0,2.0,3.0,1.0
2021-06-24,5.0,4.0,7.0,6.0,2.0,3.0,1.0
2021-06-25,5.0,4.0,7.0,6.0,2.0,3.0,1.0
2021-06-28,5.0,4.0,7.0,6.0,2.0,3.0,1.0
2021-06-29,5.0,4.0,7.0,6.0,2.0,3.0,1.0
2021-06-30,5.0,4.0,7.0,6.0,2.0,3.0,1.0
2021-07-01,5.0,4.0,7.0,6.0,2.0,3.0,1.0
2021-07-02,5.0,4.0,7.0,6.0,2.0,3.0,1.0
2021-07-06,5.0,4.0,7.0,6.0,1.0,3.0,2.0
2021-07-07,5.0,4.0,7.0,6.0,1.0,2.0,3.0
2021-07-08,4.0,3.0,6.0,5.0,1.0,,2.0
2021-07-09,5.0,4.0,7.0,6.0,1.0,3.0,2.0
2021-07-12,5.0,4.0,7.0,6.0,1.0,2.0,3.0
2021-07-13,5.0,4.0,7.0,6.0,1.0,2.0,3.0
2021-07-14,5.0,4.0,7.0,6.0,1.0,2.0,3.0
2021-07-15,5.0,4.0,7.0,6.0,1.0,2.0,3.0
2021-07-16,5.0,4.0,7.0,6.0,1.0,2.0,3.0
2021-07-19,4.0,3.0,6.0,5.0,1.0,2.0,
