date,b2p_z,b2p_val_spread,valuation_spread_signal
2016-03-09,,,
2016-03-10,,,
2016-03-11,,,
2016-03-14,,,
2016-03-15,,,
2016-03-16,,,
2016-03-17,,,
2016-03-18,,,
2016-03-21,,,
2016-03-22,,,
2016-03-23,,,
2016-03-24,,,
2016-03-28,,,
2016-03-29,,,
2016-03-30,,,
2016-03-31,,,
2016-04-01,,,
2016-04-04,,,
2016-04-05,,0.9377484150398594,
2016-04-06,,0.9400776135372981,
2016-04-07,,0.9553178242852634,
2016-04-08,,1.0616772340960015,
2016-04-11,,1.0775176363874517,
2016-04-12,,1.090040095464394,
2016-04-13,,1.0456951486540336,
2016-04-14,,1.077982784617375,
2016-04-15,,1.0636185881206373,
2016-04-18,,1.0199356968928819,
2016-04-19,,1.0318187662950418,
2016-04-20,,1.0200808193323174,
2016-04-21,,1.0208219420871283,
2016-04-22,,1.0018400572778845,
2016-04-25,,1.0232374988252688,
2016-04-26,,0.9242707109751475,
2016-04-27,,0.9481949133555335,
2016-04-28,,1.2114714622989693,
2016-04-29,,1.6868851117696093,
2016-05-02,,1.6227089789233613,
2016-05-03,,1.633375794749601,
2016-05-04,,1.6121092777004509,
2016-05-05,,1.6345716831575006,
2016-05-06,,1.581633803689285,
2016-05-09,,1.61905216811205,
2016-05-10,,1.5559844675095549,
2016-05-11,,1.5543546300084956,
2016-05-12,,1.5767558073589854,
2016-05-13,,1.579329014466208,
2016-05-16,,1.5603139543767603,
2016-05-17,,1.5462427004457537,
2016-05-18,,1.5446138204118365,
2016-05-19,,1.5618835801396607,
2016-05-20,,1.5405973540382734,
2016-05-23,,1.545874063076452,
2016-05-24,,1.5204103502078306,
2016-05-25,,1.5150382299013316,
2016-05-26,,1.5162758590861127,
2016-05-27,,1.5376532019583298,
2016-05-31,,1.5036673185035974,
2016-06-01,,1.4898222754322163,
2016-06-02,,1.4776418672404021,
2016-06-03,,1.480759877744487,
2016-06-06,,1.4814585994950682,
2016-06-07,,1.4819995812443076,
2016-06-08,,1.470017046721845,
2016-06-09,,1.4609384123932692,
2016-06-10,,1.489209514701371,
2016-06-13,,1.4970522493630944,
2016-06-14,,1.5268137417374985,
2016-06-15,,1.5231889002385397,
2016-06-16,,1.5382461162288426,
2016-06-17,,1.5166991900884352,
2016-06-20,,1.5016341069856987,
2016-06-21,,1.5154088730194841,
2016-06-22,,1.5070305694069004,
2016-06-23,,1.4928323961767709,
2016-06-24,,1.5472890370641514,
2016-06-27,,1.5892482664142094,
2016-06-28,,1.5909574455281321,
2016-06-29,,1.5681995118454415,
2016-06-30,,1.5623324960480398,
2016-07-01,,1.5557859197674486,
2016-07-05,,1.591551254629848,
2016-07-06,,1.5941691868476682,
2016-07-07,,1.576302351737748,
2016-07-08,,1.5533833827992036,
2016-07-11,,1.5539230924190235,
2016-07-12,,1.5148780814913638,
2016-07-13,,1.521865477745211,
2016-07-14,,1.513827828383048,
2016-07-15,,1.5156044791395349,
2016-07-18,,1.5048663733692234,
2016-07-19,,1.5176599253493932,
2016-07-20,,1.5082172077469398,
2016-07-21,,1.515954179686385,
2016-07-22,,1.5284191703263117,
2016-07-25,,1.5277149668937053,
2016-07-26,,1.5159405536272592,
2016-07-27,,1.5164365427144686,
2016-07-28,,1.5262963927423352,
2016-07-29,,1.5132639401705514,
2016-08-01,,1.53183844919478,
2016-08-02,,1.5264893469247112,
2016-08-03,,1.4661127307565789,
2016-08-04,,1.5183149054353726,
2016-08-05,,1.5017275246625432,
2016-08-08,,1.493268856693473,
2016-08-09,,1.493976994999698,
2016-08-10,,1.5023979928033326,
2016-08-11,,1.492376523962219,
2016-08-12,,1.5135351282653522,
2016-08-15,,1.4786307553620202,
2016-08-16,,1.4697945272282307,
2016-08-17,,1.4740905311840407,
2016-08-18,,1.4555296876716883,
2016-08-19,,1.4597453405051022,
2016-08-22,,1.455377095714848,
2016-08-23,,1.4563906631529877,
2016-08-24,,1.4625663095265833,
2016-08-25,,1.45951037184638,
2016-08-26,,1.4482581901871558,
2016-08-29,,1.4375930921102364,
2016-08-30,,1.4391999008945948,
2016-08-31,,1.4293107503878686,
2016-09-01,,1.4477375540049007,
2016-09-02,,1.4349337725735405,
2016-09-06,,1.4541292966996457,
2016-09-07,,1.4532259314431997,
2016-09-08,,1.4414037886121416,
2016-09-09,,1.4669395357871706,
2016-09-12,,1.4496976170445537,
2016-09-13,,1.4822601182147441,
2016-09-14,,1.4684603669324807,
2016-09-15,,1.460938830022672,
2016-09-16,,1.471771338493036,
2016-09-19,,1.4549165752170148,
2016-09-20,,1.4571958366221562,
2016-09-21,,1.46737407452396,
2016-09-22,,1.449815196516522,
2016-09-23,,1.449527911848207,
2016-09-26,,1.4574765514611039,
2016-09-27,,1.4399464927325476,
2016-09-28,,1.4168797166458074,
2016-09-29,,1.4251325102210743,
2016-09-30,,1.4230964870129894,
2016-10-03,,1.4096573430801886,
2016-10-04,,1.411795081706367,
2016-10-05,,1.3932170944228641,
2016-10-06,,1.3988922949309983,
2016-10-07,,1.4145738649258859,
2016-10-10,,1.410858780879316,
2016-10-11,,1.4152645886786142,
2016-10-12,,1.4119633935209368,
2016-10-13,,1.4361214586771462,
2016-10-14,,1.420986917172212,
2016-10-17,,1.4299557953266475,
2016-10-18,,1.4247331184999212,
2016-10-19,,1.4086347971295403,
2016-10-20,,1.4114296959621502,
2016-10-21,,1.4142809742997133,
2016-10-24,,1.430444864282838,
2016-10-25,,1.4403655887814302,
2016-10-26,,1.440747578270353,
2016-10-27,,1.457135107470651,
2016-10-28,,1.460721728140281,
2016-10-31,,1.4544577142095716,
2016-11-01,,1.4848467611918126,
2016-11-02,,1.4676980210722705,
2016-11-03,,1.477748308098671,
2016-11-04,,1.4849749570416404,
2016-11-07,,1.4835443110156958,
2016-11-08,,1.4694001904512264,
2016-11-09,,1.4515299375853343,
2016-11-10,,1.432815480673203,
2016-11-11,,1.4162514785103892,
2016-11-14,,1.3975169531515497,
2016-11-15,,1.3885489248001053,
2016-11-16,,1.3822143268803027,
2016-11-17,,1.3858178411755362,
2016-11-18,,1.3754459626705673,
2016-11-21,,1.3953722436711253,
2016-11-22,,1.3855221107902513,
2016-11-23,,1.3898781044220356,
2016-11-25,,1.3955502937093023,
2016-11-28,,1.4203064467147395,
2016-11-29,,1.402038490640975,
2016-11-30,,1.381366036634183,
2016-12-01,,1.40483068464311,
2016-12-02,,1.395444773085155,
2016-12-05,,1.4121595899482315,
2016-12-06,,1.398346241423832,
2016-12-07,,1.4047100506180583,
2016-12-08,,1.3887811939001242,
2016-12-09,,1.3708772711028232,
2016-12-12,,1.3738741074660032,
2016-12-13,,1.3828074663946208,
2016-12-14,,1.382391925288069,
2016-12-15,,1.3810586512210257,
2016-12-16,,1.3740431001919358,
2016-12-19,,1.3841000655338447,
2016-12-20,,1.3779565711036528,
2016-12-21,,1.3756170445212674,
2016-12-22,,1.3714802546031863,
2016-12-23,,1.3786790872790413,
2016-12-27,,1.3725757590118732,
2016-12-28,,1.395557463706834,
2016-12-29,,1.3970028838636581,
2016-12-30,,1.4036622559581367,
2017-01-03,,1.3945449530808167,
2017-01-04,,1.3858489252207369,
2017-01-05,,1.3872987065678855,
2017-01-06,,1.396974667998922,
2017-01-09,,1.4057517466467768,
2017-01-10,,1.4098919774195644,
2017-01-11,,1.4025547075807157,
2017-01-12,,1.4203455085292018,
2017-01-13,,1.4084682504326198,
2017-01-17,,1.391834083396071,
2017-01-18,-0.11380223261696944,1.4122545585801705,
2017-01-19,-0.22530059470427674,1.3995097064559496,
2017-01-20,-0.1491350694252335,1.4131515306986386,
2017-01-23,-0.2758140246085351,1.3994677172326153,
2017-01-24,-0.027881824515035916,1.4337930771055478,1.0
2017-01-25,-0.13064074991589533,1.4227122650676058,1.0
2017-01-26,-0.13005739808469227,1.4247808444204568,1.0
2017-01-27,-0.038211916095097304,1.4381509781956805,1.0
2017-01-30,0.0134245244633514,1.446129480032014,1.0
2017-01-31,-0.12874556771362994,1.4317793094717375,1.0
2017-02-01,-0.28983295011744314,1.4166526707954046,1.0
2017-02-02,-0.23780361569488528,1.425282870380006,1.0
2017-02-03,-0.35900885994428705,1.4160998446282862,1.0
2017-02-06,-0.2737697819586943,1.4280402455798025,1.0
2017-02-07,-0.3423720526220392,1.4254467435659686,1.0
2017-02-08,-0.5919068598035331,1.4078904200249815,1.0
2017-02-09,-0.8585444502113819,1.395009142997233,1.0
2017-02-10,-0.8298977052894607,1.4070489609059424,1.0
2017-02-13,-0.7526468738814082,1.4150250968293363,1.0
2017-02-14,0.5731410989230988,1.4994034247899035,1.0
2017-02-15,0.3252406378096187,1.482690326221068,1.0
2017-02-16,0.24971805715854428,1.4769092418404184,1.0
2017-02-17,0.12538263601292354,1.4684790469069893,1.0
2017-02-21,0.1392972468054164,1.4683066622073484,1.0
2017-02-22,0.21546264259644046,1.4721063324104808,1.0
2017-02-23,-0.5413818521486398,1.4276585377999527,1.0
2017-02-24,-0.49642306555075566,1.4297885297054194,1.0
2017-02-27,-0.8688696342308067,1.408179386320978,1.0
2017-02-28,-0.5767763013561275,1.424253735655525,1.0
2017-03-01,-0.8803054001254582,1.4069422515869405,1.0
2017-03-02,-0.7968439465987919,1.4111417564436248,1.0
2017-03-03,-0.8959796713025973,1.405242541354039,1.0
2017-03-06,-0.8676698191699125,1.4063366772147134,1.0
2017-03-07,-0.7378277181897914,1.4129966032577514,1.0
2017-03-08,-0.44912789211603216,1.4281322183349348,1.0
2017-03-09,-0.5708331588704969,1.4212081849590184,1.0
2017-03-10,-0.6783616042077217,1.4150784694477232,1.0
2017-03-13,-0.7916644901066694,1.4086323621851558,1.0
2017-03-14,-0.8097406012035279,1.4072284438597427,1.0
2017-03-15,-1.111401182927954,1.3908106593824736,1.0
2017-03-16,-1.0212141808793755,1.3950102973355816,1.0
2017-03-17,-1.0813583349508669,1.3912775903787553,1.0
2017-03-20,-1.2599085283503837,1.3811868406688848,1.0
2017-03-21,-1.007934188881064,1.3939686121648605,1.0
2017-03-22,-0.7808871084724506,1.4055722532707673,1.0
2017-03-23,-0.8464030944781082,1.4016741525840901,1.0
2017-03-24,-0.8562895729428815,1.4007430505848852,1.0
2017-03-27,-1.007038031264635,1.3922834222204183,1.0
2017-03-28,-1.0346260338641502,1.3902669598025827,1.0
2017-03-29,-1.2916064977671737,1.375868796761516,1.0
2017-03-30,-1.1724383148404423,1.381651324826999,1.0
2017-03-31,-1.2864756728733593,1.374948911852329,1.0
2017-04-03,-1.2969756589640464,1.3738375038964055,1.0
2017-04-04,-1.1385009540776136,1.3816430462903728,1.0
2017-04-05,-2.0500067999442333,1.3318868874757501,1.0
2017-04-06,-2.1578564621942005,1.3244029666889694,1.0
2017-04-07,-2.0895789724448646,1.326350307807658,1.0
2017-04-10,-2.1958153796292517,1.3185849489601362,1.0
2017-04-11,-2.0142971100124356,1.327357458091836,1.0
2017-04-12,-2.068339243122919,1.324121536844224,1.0
2017-04-13,-2.0172417641095413,1.326745140136244,1.0
2017-04-17,-1.9002703554579536,1.3325091846201036,1.0
2017-04-18,-1.6587416814634686,1.3449419916368017,1.0
2017-04-19,-1.6302834334173906,1.3460223372279552,1.0
2017-04-20,-1.823551004150305,1.3361731489529474,1.0
2017-04-21,-1.8990135699907882,1.3326711904642314,1.0
2017-04-24,-1.5781535306542949,1.3489750618372764,1.0
2017-04-25,-1.7447463986335365,1.3403934482154498,1.0
2017-04-26,-1.8296381116925904,1.3359076228037743,1.0
2017-04-27,-2.1497387248748816,1.318968253419611,1.0
2017-04-28,-1.9336137694716238,1.3286420844649203,1.0
2017-05-01,-1.6561749857072132,1.3414979362327089,1.0
2017-05-02,-1.5046081192485306,1.348324055217596,1.0
2017-05-03,-1.316940504048438,1.3569142913979235,1.0
2017-05-04,-1.380917860373454,1.353343747855183,1.0
2017-05-05,-1.7136952610209888,1.3365082462658875,1.0
2017-05-08,-1.5112816627740737,1.3457432646911125,1.0
2017-05-09,-1.524141447754708,1.3447594757240966,1.0
2017-05-10,-1.8135512670561669,1.330447267539063,1.0
2017-05-11,-1.4572216415655062,1.346891947904231,1.0
2017-05-12,-1.0936706143565975,1.3637002588748044,1.0
2017-05-15,-1.3578469885769153,1.3511140273595217,1.0
2017-05-16,-1.1234790192512631,1.3616377170120837,1.0
2017-05-17,-0.783224190753794,1.3770201124931518,1.0
2017-05-18,-1.1586704237762544,1.3599194241670578,1.0
2017-05-19,-0.9488308952390765,1.368845169783933,1.0
2017-05-22,-1.0842390536026913,1.3626158008572555,1.0
2017-05-23,-1.1334848364673187,1.3601305269237889,1.0
2017-05-24,-1.2168759394880064,1.3561064253194721,1.0
2017-05-25,-0.8470922008349505,1.371824006060741,1.0
2017-05-26,-0.7284866806857127,1.3766371109148963,1.0
2017-05-30,-0.21210202628769279,1.3982295667300693,1.0
2017-05-31,-0.42660969700450074,1.388852762041771,1.0
2017-06-01,-0.8806795296313925,1.3696890630287513,1.0
2017-06-02,-0.6598885544915001,1.3784702704903196,1.0
2017-06-05,-0.6387280410838355,1.379021549911778,1.0
2017-06-06,-0.5369369540521706,1.3828776811507146,1.0
2017-06-07,-0.06871055486467592,1.4016314017272815,1.0
2017-06-08,-0.2686391045845471,1.3932739548111932,1.0
2017-06-09,-0.9103279613220335,1.3670452630716983,1.0
2017-06-12,-1.1378508259014923,1.3574690931222535,1.0
2017-06-13,-1.3520779895500474,1.3483369674844967,1.0
2017-06-14,-0.9543357741841574,1.363907326811273,1.0
2017-06-15,-0.7033470255228194,1.3736662136031035,1.0
2017-06-16,-0.8426068332612063,1.367746136152179,1.0
2017-06-19,-0.8956034289089831,1.3652756767580552,1.0
2017-06-20,-0.6134475077881641,1.3762824041621637,1.0
2017-06-21,-0.12953182645761055,1.3954321138616297,1.0
2017-06-22,-0.6796335072064528,1.3731762337423958,1.0
2017-06-23,-0.6579045850214325,1.3737318620798398,1.0
2017-06-26,-1.001606492135431,1.35971664488956,1.0
2017-06-27,-0.9274047764758524,1.36232390619431,1.0
2017-06-28,-1.3227327028187494,1.3462185727991147,1.0
2017-06-29,-1.2361015124010257,1.3493421815228945,1.0
2017-06-30,-1.173853410924907,1.351413363519323,1.0
2017-07-03,-1.5402863423941784,1.3365793059307172,1.0
2017-07-05,-0.8734504588217251,1.36222083328581,1.0
2017-07-06,-0.38865832488826635,1.3806413349150688,1.0
2017-07-07,-0.46461142780275616,1.377434487771327,1.0
2017-07-10,-0.508213957448682,1.3754753606361816,1.0
2017-07-11,-0.3607861011096901,1.380775607430219,1.0
2017-07-12,-0.3878342472066745,1.3794813459600022,1.0
2017-07-13,-0.36278388981892584,1.3801270292612275,1.0
2017-07-14,-0.6646229748642088,1.368616459939013,1.0
2017-07-17,-0.5056342596300756,1.374305851384823,1.0
2017-07-18,-0.7221022032994824,1.3660022810340375,1.0
2017-07-19,-1.4210010605451269,1.3395139421923603,1.0
2017-07-20,-1.3076626694427256,1.3432101057884738,1.0
2017-07-21,-0.6854151103326324,1.3661870489390369,1.0
2017-07-24,-0.8541219227520559,1.3596627439467337,1.0
2017-07-25,-0.8659212055820947,1.3589634440616347,1.0
2017-07-26,-0.8980876357736177,1.3574364468622,1.0
2017-07-27,-0.8009863951958259,1.3608003055612472,1.0
2017-07-28,-0.4948521908707361,1.3720852413318285,1.0
2017-07-31,-0.4857806114322149,1.3722309675290139,1.0
2017-08-01,-0.29025280994218455,1.3793208317266994,1.0
2017-08-02,-0.20637685716207452,1.3822752284761914,1.0
2017-08-03,0.7623197995679478,1.4183307547687911,1.0
2017-08-04,0.6750288806494412,1.4150022739817751,1.0
2017-08-07,1.0130121968993244,1.42775481068285,1.0
2017-08-08,1.3356702820512205,1.4401184331241712,1.0
2017-08-09,1.34262695449407,1.4406881558855287,1.0
2017-08-10,1.3461741200228374,1.4409599489494136,1.0
2017-08-11,1.7390301433659003,1.4560342026542206,1.0
2017-08-14,1.343379436831322,1.4411004287222355,1.0
2017-08-15,1.368623477692268,1.4418117054458295,1.0
2017-08-16,1.5281852846042114,1.4475801891722413,1.0
2017-08-17,1.555110017535796,1.4484844774148635,1.0
2017-08-18,1.838426281938652,1.4584378149990576,1.0
2017-08-21,2.0084040272453527,1.4646815059183067,1.0
2017-08-22,1.7676247846973354,1.4552088148106677,1.0
2017-08-23,1.2648333038466253,1.4357970943231104,1.0
2017-08-24,0.9755468293291245,1.4244417322838203,1.0
2017-08-25,1.195147465965682,1.431753851029212,1.0
2017-08-28,1.3768619338288102,1.4380079529037442,1.0
2017-08-29,1.7565523142503308,1.4518283111477852,1.0
2017-08-30,1.6773047807813655,1.4495126912482534,1.0
2017-08-31,1.6624728814528136,1.4496543027128173,1.0
2017-09-01,1.485882386867181,1.4438602817729191,1.0
2017-09-05,0.8140681715400027,1.4197167698185893,1.0
2017-09-06,0.9986087471290179,1.4267183462738409,1.0
2017-09-07,1.0653505766584124,1.4295155914135076,1.0
2017-09-08,1.1327053545035284,1.4322930504402342,1.0
2017-09-11,0.957541605296057,1.4261579643777431,1.0
2017-09-12,0.832110321706946,1.42176469665855,1.0
2017-09-13,0.5753754892259704,1.4124214562408266,1.0
2017-09-14,0.40551304122912335,1.4060792292702378,1.0
2017-09-15,0.017226998054404353,1.3917488452486808,1.0
2017-09-18,0.1836565058441278,1.3979500589880176,1.0
2017-09-19,0.11909429959796795,1.395528722203237,1.0
2017-09-20,-0.006223481691991412,1.3909004580819864,1.0
2017-09-21,0.47840541145579507,1.4086886915170325,1.0
2017-09-22,0.0506225750657139,1.3929445372757578,1.0
2017-09-25,0.09073207019118579,1.3943652345166695,1.0
2017-09-26,0.16679727975607753,1.3972012160203626,1.0
2017-09-27,-0.07293559720995434,1.388486502675752,1.0
2017-09-28,1.124813242985006,1.4328478851129463,1.0
2017-09-29,0.8555599069015541,1.4231960556943153,1.0
2017-10-02,1.2569433570461368,1.4384499030212756,1.0
2017-10-03,1.0154127359934622,1.4298466779543264,1.0
2017-10-04,1.0174614243257603,1.430280028452122,1.0
2017-10-05,0.7888226239546058,1.4220145177405326,1.0
2017-10-06,0.7867221889136807,1.4221918371464235,1.0
2017-10-09,0.6187373952513234,1.4161446728433453,1.0
2017-10-10,0.7136393118955183,1.4199364801426584,1.0
2017-10-11,0.7303991849734579,1.4207982922042643,1.0
2017-10-12,1.066116673250388,1.4337196503286165,1.0
2017-10-13,1.0931911068196085,1.4350537095918383,1.0
2017-10-16,0.7027978531209791,1.4205556466373475,1.0
2017-10-17,0.9473050673518908,1.4299479603902536,1.0
2017-10-18,0.7035110289460028,1.4209347871640616,1.0
2017-10-19,1.4446956602656396,1.4494739008626583,1.0
2017-10-20,1.0164602648841723,1.4335765149876556,1.0
2017-10-23,1.2552221377658301,1.4430670153138085,1.0
2017-10-24,1.41769482655026,1.4497492972977466,1.0
2017-10-25,1.5951505700338953,1.4571611142225196,1.0
2017-10-26,1.7071538726861397,1.4622629805448373,1.0
2017-10-27,2.0107315956957543,1.475059804125784,1.0
2017-10-30,2.1139677148801783,1.4803978583514148,1.0
2017-10-31,1.9606960669491036,1.47550231493953,1.0
2017-11-01,1.6751354306314044,1.4647876498880505,1.0
2017-11-02,1.8410464526098933,1.4724830240347688,1.0
2017-11-03,1.638876093822586,1.4649541128342678,1.0
2017-11-06,0.9659441893013847,1.437701282327176,1.0
2017-11-07,0.9607713886757463,1.4375242563135673,1.0
2017-11-08,1.0817745827548708,1.4426807802674477,1.0
2017-11-09,0.9930656294530759,1.4391638698002271,1.0
2017-11-10,1.0414566707501571,1.4411877110335223,1.0
2017-11-13,1.0667057288434245,1.4421845415567083,1.0
2017-11-14,1.7914041991462848,1.472707056489891,1.0
2017-11-15,2.0813347462980447,1.4859854016208718,1.0
2017-11-16,1.909948552382812,1.4797456450876176,1.0
2017-11-17,1.4312961948187912,1.4600423852784743,1.0
2017-11-20,1.3220586636277554,1.4557296215011788,1.0
2017-11-21,1.0519976339651451,1.444410953169417,1.0
2017-11-22,1.2451843403285403,1.4530804288629606,1.0
2017-11-24,1.1144419436216066,1.4478960626775237,1.0
2017-11-27,0.9471025903359597,1.4409684765363593,1.0
2017-11-28,1.2550573902019249,1.4546215813352803,1.0
2017-11-29,1.4388750220070476,1.4618684943565654,1.0
2017-11-30,1.2608885337414903,1.4538056990917516,1.0
2017-12-01,0.8055967868166402,1.4339600392126426,1.0
2017-12-04,1.138815811455975,1.447800684806928,1.0
2017-12-05,1.205242336321402,1.450359858679571,1.0
2017-12-06,1.7692930561996105,1.4741284724205008,1.0
2017-12-07,1.3885225898960154,1.4584794554716523,1.0
2017-12-08,1.9302371992624006,1.4822988450667889,1.0
2017-12-11,1.5982388266206096,1.468899307936428,1.0
2017-12-12,1.791440207545818,1.4780190463322773,1.0
2017-12-13,2.0151354294057082,1.488990624465162,1.0
2017-12-14,1.267772344299497,1.4568299422504303,1.0
2017-12-15,1.0780851378430134,1.4488776102831276,1.0
2017-12-18,1.0150857541669709,1.4464255804459614,1.0
2017-12-19,1.1631959212855667,1.4533179797369324,1.0
2017-12-20,0.9679481484050676,1.444837346872555,1.0
2017-12-21,0.6510426512390203,1.4308786950395298,1.0
2017-12-22,0.705334623025827,1.4334068506651285,1.0
2017-12-26,0.882191308822757,1.441485399667195,1.0
2017-12-27,1.1469725391008982,1.453645120442703,1.0
2017-12-28,0.7196515852602536,1.4348613200247229,1.0
2017-12-29,0.7492174373843037,1.4364322367234919,1.0
2018-01-02,0.08475117150872877,1.406828842836325,1.0
2018-01-03,0.37889098539980415,1.420156272139072,1.0
2018-01-04,0.22330677279250233,1.4133062121753008,1.0
2018-01-05,0.6173407237387073,1.4310541401510628,1.0
2018-01-08,-0.017538392774171296,1.4026838738692147,1.0
2018-01-09,0.269040462946124,1.4155684134218969,1.0
2018-01-10,0.22042959117568098,1.4135011462783027,1.0
2018-01-11,-0.036605191371571325,1.4020710826520086,1.0
2018-01-12,0.07004340616108522,1.4069897848773394,1.0
2018-01-16,0.44537580629739043,1.4239562133393886,1.0
2018-01-17,0.2017274181224946,1.413262260920476,1.0
2018-01-18,0.343782182106244,1.419814010272427,1.0
2018-01-19,0.6361792679749945,1.433110321525553,1.0
2018-01-22,1.1429356842723444,1.4561428668074359,1.0
2018-01-23,0.6918005692005736,1.4364417902379152,1.0
2018-01-24,1.4184109333158275,1.468998543670203,1.0
2018-01-25,0.8184322276303624,1.4429401892974614,1.0
2018-01-26,0.7558178455662978,1.4405434910193666,1.0
2018-01-29,0.6999191047644931,1.4384456812220063,1.0
2018-01-30,0.2525969957501918,1.419614257065373,1.0
2018-01-31,0.7814502211516335,1.4424353733302842,1.0
2018-02-01,1.2305774773667224,1.4618867567186675,1.0
2018-02-02,1.2876917208053993,1.464799326847395,1.0
2018-02-05,0.8932674174140866,1.448536909389168,1.0
2018-02-06,1.4873918843330634,1.4738940227483308,1.0
2018-02-07,0.8499454133260881,1.447665251141529,1.0
2018-02-08,1.0145521924592715,1.4548633632252213,1.0
2018-02-09,0.6414222393636254,1.4397554222924878,1.0
2018-02-12,0.3797576307308895,1.4293727221925032,1.0
2018-02-13,0.6674346858667585,1.441302774259146,1.0
2018-02-14,-0.21395512301444042,1.4063933740893493,1.0
2018-02-15,0.5189461791444352,1.4358109808930921,1.0
2018-02-16,-0.15962740636113287,1.4093263092635275,1.0
2018-02-20,-0.17969082023695573,1.4088607593206155,1.0
2018-02-21,-0.21218933175495672,1.4080368881325493,1.0
2018-02-22,0.0955693349525096,1.4202572735322472,1.0
2018-02-23,-0.16388253815079085,1.4107127585717283,1.0
2018-02-26,0.1106928181550121,1.421528333805192,1.0
2018-02-27,-0.07049208019794512,1.4151108092025613,1.0
2018-02-28,0.3865882800495326,1.4323386336809532,1.0
2018-03-01,0.057898323012397376,1.4205354523781948,1.0
2018-03-02,-0.32753835990039565,1.4067222086336781,1.0
2018-03-05,-0.5849967927965488,1.3975076252659218,1.0
2018-03-06,-1.0489507113678007,1.3809180948305553,1.0
2018-03-07,-0.6675642453528967,1.3949295238622055,1.0
2018-03-08,-0.19767007878574816,1.4121492126621347,1.0
2018-03-09,-0.4951805739662244,1.4018163003701445,1.0
2018-03-12,-0.9239265883200934,1.3869084408256447,1.0
2018-03-13,-0.519758824041285,1.4014250047066272,1.0
2018-03-14,-0.37006400351716745,1.4068953240585844,1.0
2018-03-15,-0.16896790584356175,1.4140404381609892,1.0
2018-03-16,-0.5286659934247218,1.4015092197375585,1.0
2018-03-19,-0.07994861822482327,1.417483710406617,1.0
2018-03-20,-0.6825954920198704,1.3966292895570123,1.0
2018-03-21,-1.2498127038632008,1.3768818962602802,1.0
2018-03-22,-0.8031992748749336,1.3924996881913518,1.0
2018-03-23,-0.5423309166050307,1.4015603359251074,1.0
2018-03-26,-0.5796152374282943,1.4003144325740875,1.0
2018-03-27,-0.31281507964525307,1.409851631448911,1.0
2018-03-28,-0.03131002845021329,1.419887950190029,1.0
2018-03-29,-0.5929656402679421,1.4011476310913031,1.0
2018-04-02,0.5502538601540332,1.44011289841322,1.0
2018-04-03,-0.03569251400187897,1.4206448926623807,1.0
2018-04-04,-0.09785516652629132,1.4188417946634528,1.0
2018-04-05,-0.4975830907348158,1.4058689272659866,1.0
2018-04-06,-0.006484015332567868,1.4223148623466793,1.0
2018-04-09,0.199523263637127,1.4292416419504448,1.0
2018-04-10,-1.0069709616802522,1.3898562328928479,1.0
2018-04-11,-1.177768858186455,1.3844098114966623,1.0
2018-04-12,-0.9140894373723126,1.3934012824786444,1.0
2018-04-13,-0.872241554424041,1.3951180187809404,1.0
2018-04-16,-1.2625171854021222,1.3831823186604546,1.0
2018-04-17,-1.3250154253103037,1.381750336125198,1.0
2018-04-18,-1.6084090883654625,1.3732718048054762,1.0
2018-04-19,-1.5305231265737438,1.3765743541743964,1.0
2018-04-20,-1.314022492471452,1.3835984307742784,1.0
2018-04-23,-1.3219470343113577,1.3833939505139414,1.0
2018-04-24,-1.8222296488495415,1.367854096036949,1.0
2018-04-25,-2.3043092505502893,1.3523941141379403,1.0
2018-04-26,-2.5140434963571026,1.3448295163929753,1.0
2018-04-27,-2.381983940277685,1.3480975520658123,1.0
2018-04-30,-2.790124120594351,1.3335944361348762,1.0
2018-05-01,-2.4458199726454635,1.3438994025416278,1.0
2018-05-02,-2.849230428383898,1.3292030950811777,1.0
2018-05-03,-2.703283090419037,1.3328348529803453,1.0
2018-05-04,-3.379243042149351,1.308668974941912,1.0
2018-05-07,-3.630298899264364,1.2974786320390823,1.0
2018-05-08,-3.1447040423269916,1.311847849243823,1.0
2018-05-09,-3.458926534519111,1.2976954971589079,1.0
2018-05-10,-3.5269207077987,1.2917657129049736,1.0
2018-05-11,-3.4306327387681232,1.2920526618973869,1.0
2018-05-14,-3.711016531161566,1.2769080847345788,1.0
2018-05-15,-3.4560595405942105,1.2826555937347974,1.0
2018-05-16,-3.238787440155197,1.287811129514684,1.0
2018-05-17,-3.5675406937176413,1.2693304972624486,1.0
2018-05-18,-3.2470974399842882,1.2787669533793284,1.0
2018-05-21,-3.027025550943392,1.2844547929312893,1.0
2018-05-22,-3.002953667214398,1.2817274255806914,1.0
2018-05-23,-2.9058737647462,1.2825126180931747,1.0
2018-05-24,-2.959645780523582,1.2761759443807748,1.0
2018-05-25,-2.7900648522096883,1.2808057459248714,1.0
2018-05-29,-2.5907144247167047,1.287554515550636,1.0
2018-05-30,-2.857408400565467,1.270874452359458,1.0
2018-05-31,-2.565747041731036,1.2825440628568323,1.0
2018-06-01,-2.623327936998267,1.2765423785644716,1.0
2018-06-04,-2.6620358333759926,1.2713149158488617,1.0
2018-06-05,-2.727317764420532,1.2643998804365866,1.0
2018-06-06,-2.768721728204937,1.2585609084070462,1.0
2018-06-07,-2.685309947365727,1.2597318150617478,1.0
2018-06-08,-2.7007736211474467,1.2553385365126093,1.0
2018-06-11,-3.1136361113232476,1.2268045304976654,1.0
2018-06-12,-2.9681175733410705,1.2303193151351166,1.0
2018-06-13,-2.8367461942888617,1.2336476575591944,1.0
2018-06-14,-2.590293130816629,1.2448988131452403,1.0
2018-06-15,-2.216427723360619,1.2652872507219584,1.0
2018-06-18,-2.341298069833177,1.2547904114998647,1.0
2018-06-19,-2.2252706689315813,1.259530862356009,1.0
2018-06-20,-2.246901449393637,1.2555535586083388,1.0
2018-06-21,-2.1667195176772633,1.2582352294472674,1.0
2018-06-22,-2.223833545060513,1.2519098689588426,1.0
2018-06-25,-1.9068160030750514,1.2707771160707733,1.0
2018-06-26,-1.7948674623040985,1.2765002235956615,1.0
2018-06-27,-1.7206110526247007,1.2799026548242607,1.0
2018-06-28,-1.7686468507032795,1.275052735052154,1.0
2018-06-29,-1.806799803135887,1.2707742886934412,1.0
2018-07-02,-1.8232934422994762,1.2679172176078457,1.0
2018-07-03,-1.6924177115063512,1.275465691179895,1.0
2018-07-05,-1.7859592987743964,1.2673439895869174,1.0
2018-07-06,-1.8789057157280311,1.2590040112861078,1.0
2018-07-09,-1.903197947061234,1.2553778938837807,1.0
2018-07-10,-1.890114518072039,1.254330639558524,1.0
2018-07-11,-1.7337438297360304,1.2639274560330849,1.0
2018-07-12,-1.684263275569253,1.265976801379875,1.0
2018-07-13,-1.8141199709732787,1.2547250238749792,1.0
2018-07-16,-1.8958324004384164,1.246751505714929,1.0
2018-07-17,-1.9621561711015838,1.239592515179341,1.0
2018-07-18,-1.906773264695422,1.2415820274041978,1.0
2018-07-19,-1.692093374358426,1.2560561050020318,1.0
2018-07-20,-1.8734903491417176,1.2402344265892564,1.0
2018-07-23,-1.7252270295469025,1.2497723695166756,1.0
2018-07-24,-1.574574423150609,1.259851586617082,1.0
2018-07-25,-1.6714446633684035,1.2506816838838177,1.0
2018-07-26,-1.699858442578253,1.246720820273022,1.0
2018-07-27,-1.4163997833713724,1.267655466451743,1.0
2018-07-30,-1.2603973257391001,1.278882311331131,1.0
2018-07-31,-1.2676046578567004,1.2772483794285354,1.0
2018-08-01,-1.6290139908667207,1.247019149993596,1.0
2018-08-02,-1.3889772240703064,1.2648759440095008,1.0
2018-08-03,-1.5045208088000968,1.254216963486834,1.0
2018-08-06,-1.4054411824199733,1.2608935779062265,1.0
2018-08-07,-1.3246218713293543,1.266249916244475,1.0
2018-08-08,-1.249474445557201,1.2712492748963662,1.0
2018-08-09,-1.3684564066664955,1.2603905244202218,1.0
2018-08-10,-1.5741316205753173,1.2421500438524713,1.0
2018-08-13,-1.567428954687872,1.2411843908111082,1.0
2018-08-14,-1.6263402403690603,1.2347688093607203,1.0
2018-08-15,-1.402672807879497,1.2519279026002768,1.0
2018-08-16,-1.3888109031930036,1.2519163166565743,1.0
2018-08-17,-1.48965634339171,1.2423309656828265,1.0
2018-08-20,-1.5725480029316952,1.2340337596534312,1.0
2018-08-21,-1.6145266765884156,1.2290627886625176,1.0
2018-08-22,-1.7175648005197284,1.2188083567826142,1.0
2018-08-23,-1.63812383096705,1.2236889998110079,1.0
2018-08-24,-1.74963160394547,1.2124564058713725,1.0
2018-08-27,-1.6136441607114684,1.2221902979722352,1.0
2018-08-28,-1.6191755784006991,1.2200423338594522,1.0
2018-08-29,-1.678367822372572,1.2132436064023302,1.0
2018-08-30,-1.5606420474340479,1.2216594216854233,1.0
2018-08-31,-1.5390904379223584,1.222092933249362,1.0
2018-09-04,-1.5882832040355692,1.2165162624735946,1.0
2018-09-05,-1.458246020324751,1.2263769163912241,1.0
2018-09-06,-1.242932516610903,1.2436790208715702,1.0
2018-09-07,-1.171672777779395,1.248762979638123,1.0
2018-09-10,-1.1683548563769781,1.2480384872681014,1.0
2018-09-11,-1.2120146690837652,1.2432854259191837,1.0
2018-09-12,-1.2364153820481578,1.2401369813841794,1.0
2018-09-13,-1.2395223737699725,1.2387854265722154,1.0
2018-09-14,-1.2951361031268696,1.2329306642167974,1.0
2018-09-17,-1.090144224465896,1.2495285512718675,1.0
2018-09-18,-1.1602240469426062,1.2425989904899397,1.0
2018-09-19,-1.2944781098439273,1.2300238121708538,1.0
2018-09-20,-1.4011122295004157,1.2196904196402731,1.0
2018-09-21,-1.3532163093485061,1.222596543658915,1.0
2018-09-24,-1.05339043140281,1.247356745002866,1.0
2018-09-25,-1.0631574205920742,1.2456741666833107,1.0
2018-09-26,-1.1334234990991288,1.2389187492601197,1.0
2018-09-27,-1.0670293948259204,1.2437153641333412,1.0
2018-09-28,-1.1021760981549602,1.2399807622623482,1.0
2018-10-01,-0.9886969641651941,1.2488124825356786,1.0
2018-10-02,-0.8487401969579329,1.2597489592950588,1.0
2018-10-03,-0.928334468774427,1.2524060568714284,1.0
2018-10-04,-0.8993809921453662,1.2540638077786668,1.0
2018-10-05,-0.9270131585139908,1.2510590091285967,1.0
2018-10-08,-1.0081084977147297,1.243619453142711,1.0
2018-10-09,-1.0946365060431191,1.2356643473610398,1.0
2018-10-10,-0.7349068931087631,1.2644039616512968,1.0
2018-10-11,-0.80079659196782,1.2583564513687855,1.0
2018-10-12,-0.7421581525922616,1.262470509502325,1.0
2018-10-15,-0.7746396451112929,1.259181320873242,1.0
2018-10-16,-0.7242757312825763,1.262589593567971,1.0
2018-10-17,-0.6643712237417124,1.2667887576977452,1.0
2018-10-18,-0.5447640584507293,1.2757798282881136,1.0
2018-10-19,-0.5581607837949435,1.2741369000831682,1.0
2018-10-22,-0.8258709246051702,1.2521636273726626,1.0
2018-10-23,-0.536429123673556,1.2745664106862147,1.0
2018-10-24,-0.5573373685986046,1.272334640202202,1.0
2018-10-25,-0.32161712372784984,1.2904013941660482,1.0
2018-10-26,-0.33803535490630104,1.2886174032439157,1.0
2018-10-29,-0.19489923484900884,1.2993484607692671,1.0
2018-10-30,-0.5596910328580329,1.2702704663623559,1.0
2018-10-31,-0.532211218157508,1.2718424841697984,1.0
2018-11-01,-0.4976776324229677,1.2739510187009977,1.0
2018-11-02,-0.4767241253265627,1.2749848460552466,1.0
2018-11-05,-0.6630049839805695,1.2601086113803874,1.0
2018-11-06,-0.6638129360201103,1.2594560438909348,1.0
2018-11-07,-0.7583911468807792,1.2517726262096855,1.0
2018-11-08,-0.6198340567322657,1.261586047707914,1.0
2018-11-09,-0.6650031640226197,1.2576546280710539,1.0
2018-11-12,-0.652545046663469,1.2580096050881577,1.0
2018-11-13,-0.35707478142962984,1.2791432878200957,1.0
2018-11-14,-0.299708972478985,1.282721949946563,1.0
2018-11-15,0.2447104247594338,1.3211861421524052,1.0
2018-11-16,0.21380210427878837,1.318047764267399,1.0
2018-11-19,0.4659788077393546,1.3349347172793942,1.0
2018-11-20,0.5509524392389966,1.33963580224199,1.0
2018-11-21,0.472488758367954,1.3333114869789455,1.0
2018-11-23,0.47931640702467815,1.3327615010891,1.0
2018-11-26,0.49707119266321814,1.3330783862746718,1.0
2018-11-27,0.644883206304223,1.3421092066133014,1.0
2018-11-28,0.17371154197930785,1.310241063241904,1.0
2018-11-29,0.21355397432803017,1.3122736327018656,1.0
2018-11-30,0.49719265931814527,1.3297613853310797,1.0
2018-12-03,0.304391900645505,1.3168045820627041,1.0
2018-12-04,0.666791770600494,1.3392132982983744,1.0
2018-12-06,0.6965658656788439,1.3404651789379338,1.0
2018-12-07,0.8889867112979462,1.3517561740013517,1.0
2018-12-10,1.0255935334621333,1.35962632049428,1.0
2018-12-11,0.8766077311916366,1.3495875636807932,1.0
2018-12-12,0.5764919677731258,1.330442661918482,1.0
2018-12-13,0.7696774765292324,1.3412006544185515,1.0
2018-12-14,0.8247234745220423,1.3436603167918473,1.0
2018-12-17,1.340293405842016,1.3738424917875665,1.0
2018-12-18,1.4654146316423264,1.3809828472477281,1.0
2018-12-19,1.521370380646328,1.3843491320116306,1.0
2018-12-20,1.666922898348456,1.3929245003572122,1.0
2018-12-21,1.8868741590053832,1.4057885195403055,1.0
2018-12-24,2.0321920545721843,1.4146945199284857,1.0
2018-12-26,1.776307149947245,1.399796315062844,1.0
2018-12-27,1.712943533288286,1.3959260402782019,1.0
2018-12-28,1.7989298025283413,1.4008933788070592,1.0
2018-12-31,1.7098836520203398,1.3952235783622002,1.0
2019-01-02,1.3427920061688474,1.3731010991745272,1.0
2019-01-03,1.3632538652857649,1.3735642606671132,1.0
2019-01-04,0.892609631129566,1.345497796304348,1.0
2019-01-07,0.7151475802623657,1.3348137934211024,1.0
2019-01-08,0.6930925075642895,1.3329902167793082,1.0
2019-01-09,0.8561997043660446,1.3417189540552281,1.0
2019-01-10,0.7464993975050381,1.334803563894692,1.0
2019-01-11,0.6174818974080144,1.3267288751992323,1.0
2019-01-14,1.2138416195186013,1.3592389578574164,1.0
2019-01-15,1.394698309367924,1.3687459898200778,1.0
2019-01-16,1.5082728866876147,1.3736360124243976,1.0
2019-01-17,1.616794004735824,1.3786711172804105,1.0
2019-01-18,1.549186764328361,1.3741035716428498,1.0
2019-01-22,1.574397931071577,1.374847240630106,1.0
2019-01-23,1.7780137178191833,1.3848323823864856,1.0
2019-01-24,1.2025899286645028,1.3530442970841605,1.0
2019-01-25,1.1164574364303856,1.3479733126201128,1.0
2019-01-28,1.2074199748040093,1.3522471303620163,1.0
2019-01-29,1.4811060648650376,1.365917543970333,1.0
2019-01-30,1.177600816908074,1.3496209492523867,1.0
2019-01-31,1.2979361136842291,1.3553518790371981,1.0
2019-02-01,1.454198796664843,1.3629915424907149,1.0
2019-02-04,1.1741645809861858,1.3484424403357742,1.0
2019-02-05,1.1515875797962905,1.346904326369251,1.0
2019-02-06,1.2833256085564744,1.3530771133512285,1.0
2019-02-07,1.5673879607712906,1.3670141615515998,1.0
2019-02-08,1.6473037147798313,1.3710685516150145,1.0
2019-02-11,1.4803287303329187,1.362876211712935,1.0
2019-02-12,1.6258245974479886,1.370582237362874,1.0
2019-02-13,1.3917195628791401,1.3589656680277176,1.0
2019-02-14,1.618170827608656,1.37093276515715,1.0
2019-02-15,1.268718373494938,1.3533773176971446,1.0
2019-02-19,1.35754042404776,1.3582325612718333,1.0
2019-02-20,1.4649010549779435,1.3641091072528544,1.0
2019-02-21,1.3017049469045907,1.3562906618718755,1.0
2019-02-22,1.6418881965718337,1.3746574867504613,1.0
2019-02-25,1.4766115280412873,1.3668048039428877,1.0
2019-02-26,1.3928268929097916,1.3631455993414574,1.0
2019-02-27,1.3746201164177196,1.3628975281376579,1.0
2019-02-28,1.4888274734276237,1.3696966602011764,1.0
2019-03-01,0.9762461000447041,1.3431895555900089,1.0
2019-03-04,0.9331104342328921,1.3413144184571042,1.0
2019-03-05,0.9461322112240275,1.3423875197200807,1.0
2019-03-06,1.1368812932213344,1.3530712422367526,1.0
2019-03-07,1.5126736989950584,1.3739475345720324,1.0
2019-03-08,1.7336342263254212,1.386958705084591,1.0
2019-03-11,1.4037056953856333,1.3700240285157952,1.0
2019-03-12,1.0903857129916181,1.353616168745101,1.0
2019-03-13,0.8203431974928779,1.3393575174915102,1.0
2019-03-14,1.0914338535976469,1.3546105813470273,1.0
2019-03-15,0.9429445022550014,1.3469374493699244,1.0
2019-03-18,0.8824997243854185,1.3440760033067702,1.0
2019-03-19,0.8005745849730436,1.3399514397062664,1.0
2019-03-20,0.7590061241094499,1.3380315049075073,1.0
2019-03-21,0.9614036675820202,1.3496050636661638,1.0
2019-03-22,1.2234551224940136,1.3646826822556524,1.0
2019-03-25,1.3037783295615484,1.3698795531798293,1.0
2019-03-26,0.9688675977679874,1.351914182284251,1.0
2019-03-27,1.2840834185933392,1.3700980020153846,1.0
2019-03-28,0.9598985488846451,1.3526578033347099,1.0
2019-03-29,1.5391645809281467,1.3856462203237394,1.0
2019-04-01,1.2559354299822603,1.3706574440387593,1.0
2019-04-02,1.1858700711140806,1.3674495677618914,1.0
2019-04-03,1.365894847995811,1.3782815805879627,1.0
2019-04-04,1.4428015330322712,1.3834861598964472,1.0
2019-04-05,1.1431116828384005,1.3673910171450923,1.0
2019-04-08,1.2083312551659962,1.3717490239617665,1.0
2019-04-09,1.4085297044194474,1.3838720790899248,1.0
2019-04-10,1.2599826709820785,1.376261828797287,1.0
2019-04-11,1.2972038628782057,1.3791457985140119,1.0
2019-04-12,1.2548463016258014,1.3774903749905727,1.0
2019-04-15,1.6330225881758162,1.4001355791972072,1.0
2019-04-16,1.509956802684397,1.3941352182350588,1.0
2019-04-17,1.563335738409536,1.398302539693956,1.0
2019-04-18,1.6260174277528834,1.4031120025664752,1.0
2019-04-22,1.2554521109938446,1.3823789293572932,1.0
2019-04-23,1.275586448573492,1.3843446920644336,1.0
2019-04-24,1.4375065141136367,1.3947526500873482,1.0
2019-04-25,1.5876710714416506,1.4046796090721754,1.0
2019-04-26,1.506013498194588,1.4009110230185997,1.0
2019-04-29,1.4922570867997567,1.401135826092772,1.0
2019-04-30,1.5846176586537244,1.4077678342128122,1.0
2019-05-01,2.1394176184751985,1.4429112034101501,1.0
2019-05-02,2.1924700657736182,1.4483067855943792,1.0
2019-05-03,1.8545836691382729,1.4293134156685479,1.0
2019-05-06,2.0489054623903686,1.443020523953966,1.0
2019-05-07,2.25003382595921,1.4578107308657393,0.0
2019-05-08,2.054233075912155,1.447573844899917,0.0
2019-05-09,2.0844719490501125,1.451505969511232,0.0
2019-05-10,2.1427908935098126,1.4574322703856828,0.0
2019-05-13,2.744258055348489,1.4997147122278547,0.0
2019-05-14,2.533791364582989,1.48948294266877,0.0
2019-05-15,2.5317654801064684,1.4929079674883183,0.0
2019-05-16,2.2901907949856866,1.4797541739556568,0.0
2019-05-17,2.8933126031510117,1.5254669009421435,0.0
2019-05-20,2.910464038445684,1.5317666687707385,0.0
2019-05-21,2.410953897496893,1.5002487684709982,0.0
2019-05-22,2.94039810096447,1.543194733234821,0.0
2019-05-23,2.986454540229424,1.55245870629063,0.0
2019-05-24,2.6953541492206674,1.5357127615597523,0.0
2019-05-28,3.019042446268001,1.566375342665708,0.0
2019-05-29,3.039669353496617,1.5745612890852017,0.0
2019-05-30,2.9652865063082965,1.5748491966154794,0.0
2019-05-31,2.6490697838443786,1.554264033305937,0.0
2019-06-03,2.448953224649298,1.5418359032963338,0.0
2019-06-04,2.624797530597518,1.5608963948323138,0.0
2019-06-05,2.548337330604902,1.5589843331196724,0.0
2019-06-06,2.748817357430842,1.581160599882603,0.0
2019-06-07,2.6651366382138018,1.5789159535950414,0.0
2019-06-10,2.667546691188541,1.5840284325948828,0.0
2019-06-11,2.6518543565397046,1.5873916872566818,0.0
2019-06-12,2.874921048574001,1.6132589334749927,0.0
2019-06-13,2.7461810246948044,1.6069011244803766,0.0
2019-06-14,2.8414250457351287,1.6216269242865904,0.0
2019-06-17,2.82604377838658,1.6261887620505047,0.0
2019-06-18,2.5438461848490297,1.6040757249728486,0.0
2019-06-19,2.4617896255562868,1.600521290282808,0.0
2019-06-20,2.2063679821135147,1.5792220542896442,0.0
2019-06-21,2.1945164609278525,1.581238826287266,0.0
2019-06-24,2.2851821906109464,1.5937081847271826,0.0
2019-06-25,2.365574662597234,1.6057950999100896,0.0
2019-06-26,2.0691880958298174,1.5794971916757188,0.0
2019-06-27,2.2712627708664828,1.6035793163523273,0.0
2019-06-28,2.055471534037407,1.584872215639882,0.0
2019-07-01,1.9146287705586202,1.5731716111408962,0.0
2019-07-02,2.1301201795552305,1.5984508401725,0.0
2019-07-03,1.997168652688678,1.587595621467476,0.0
2019-07-05,1.846754456134796,1.5745628401295237,1.0
2019-07-08,1.9208702000491384,1.584908418408525,1.0
2019-07-09,1.7357534972947624,1.5676831209148443,1.0
2019-07-10,1.5950633304422919,1.5546660562035257,1.0
2019-07-11,1.617149046257942,1.558696090350275,1.0
2019-07-12,1.5871209476284014,1.5573891263698774,1.0
2019-07-15,1.8313850309371447,1.5853336947004404,1.0
2019-07-16,1.8629023912676004,1.591063027750287,1.0
2019-07-17,2.077701542195327,1.6168281818788817,1.0
2019-07-18,2.164283768680897,1.6294248986400854,1.0
2019-07-19,1.9674109418900836,1.6112660373142897,1.0
2019-07-22,1.9631185157178894,1.613726541420083,0.0
2019-07-23,1.8574211254836905,1.6048794748524955,0.0
2019-07-24,1.818830207311836,1.603150366387517,1.0
2019-07-25,2.138841417679872,1.641358873248189,1.0
2019-07-26,2.222225176843911,1.654203345253611,0.0
2019-07-29,2.416039451341489,1.680042663381168,0.0
2019-07-30,2.0397651522650597,1.6415687799136027,0.0
2019-07-31,1.745271382343948,1.6110055031753705,0.0
2019-08-01,1.9113351410166084,1.6324270543299155,0.0
2019-08-02,2.1578507651426366,1.6638506583419663,0.0
2019-08-05,2.2306129298152446,1.676150855615487,0.0
2019-08-06,2.0501429343883495,1.6589357724858078,0.0
2019-08-07,2.175510115264726,1.6773217024900815,0.0
2019-08-08,2.133878587776258,1.676322227202695,0.0
2019-08-09,2.158059551047234,1.6828487339156168,0.0
2019-08-12,2.3372806752252937,1.708676962211252,0.0
2019-08-13,1.9733549290514267,1.6688047409087519,0.0
2019-08-14,2.2472900034228322,1.70598550842598,0.0
2019-08-15,2.3944704416380174,1.7290248737866551,0.0
2019-08-16,2.1862859257947744,1.7081537454081577,0.0
2019-08-19,1.8763784149853597,1.6731231159173774,0.0
2019-08-20,1.901500968572713,1.6792741683221741,0.0
2019-08-21,2.02001178657731,1.6974443735281435,0.0
2019-08-22,1.882409973977695,1.6833671229803069,1.0
2019-08-23,2.414242228824223,1.75501093800575,0.0
2019-08-26,2.230052364726678,1.736121429147968,0.0
2019-08-27,2.3907574522545127,1.7615655116709736,0.0
2019-08-28,2.1481117486547983,1.7345299376249461,0.0
2019-08-29,2.001327252395558,1.7189949986959154,0.0
2019-08-30,2.2517546539568523,1.7558016565036227,0.0
2019-09-03,2.2360867361571275,1.7584142501648923,0.0
2019-09-04,1.841588652612771,1.7097399182964634,0.0
2019-09-05,1.6447302927284495,1.6864801596866947,1.0
2019-09-06,1.6356903079135272,1.6878883114078513,1.0
2019-09-09,1.4870410600489903,1.6704482431811167,1.0
2019-09-10,1.1548197072709983,1.627864739197229,1.0
2019-09-11,0.9380014219093746,1.6002828080014886,1.0
2019-09-12,1.1311451023675683,1.6274791427450261,1.0
2019-09-13,0.9361904330261901,1.6028103372037954,1.0
2019-09-16,0.7615594179694657,1.5806780758501686,1.0
2019-09-17,0.9607524790698588,1.6083762805008417,1.0
2019-09-18,0.9494233013315058,1.608123903863917,1.0
2019-09-19,1.1421367699422622,1.6351221560905422,1.0
2019-09-20,1.1853145008418957,1.6423810495621738,1.0
2019-09-23,1.1296613294325029,1.6365304493527926,1.0
2019-09-24,1.2864163438907783,1.6590248288482625,1.0
2019-09-25,1.308673383267673,1.6638119952334025,1.0
2019-09-26,1.4177063541113313,1.6803622014863988,1.0
2019-09-27,1.4934836860641612,1.6926949366882273,1.0
2019-09-30,1.5437406592396805,1.701711209672264,1.0
2019-10-01,1.7169772096697469,1.7277249820754994,1.0
2019-10-02,1.874742079541358,1.752341689768164,1.0
2019-10-03,1.7423971511839593,1.7376156013430353,1.0
2019-10-04,1.6243907894912666,1.7243715148570031,1.0
2019-10-07,1.5865114102351998,1.721867945903725,1.0
2019-10-08,1.5740050479435934,1.722800423714324,1.0
2019-10-09,1.6171776428853692,1.7315450441552975,1.0
2019-10-10,1.6328130956075326,1.736588705598809,1.0
2019-10-11,1.4335862703694358,1.711180040740019,1.0
2019-10-14,1.4118982725804634,1.710384264141135,1.0
2019-10-15,1.4757955045683417,1.7217422695833358,1.0
2019-10-16,1.5433888543185268,1.7338533716273645,1.0
2019-10-17,1.4472473721735721,1.7225899948516574,1.0
2019-10-18,1.5250627535978378,1.7361217138898566,1.0
2019-10-21,1.489519333103411,1.733400771687263,1.0
2019-10-22,1.4375501528855656,1.7281549411658017,1.0
2019-10-23,1.4578761011645318,1.7332260745644619,1.0
2019-10-24,1.6183884884156505,1.7587412359378358,1.0
2019-10-25,1.4938277899955035,1.7432169893416922,1.0
2019-10-28,1.431551604287187,1.7363801201766202,1.0
2019-10-29,1.0297160503138052,1.680385803858389,1.0
2019-10-30,0.9592121134648415,1.6716886591875637,1.0
2019-10-31,1.330287431366323,1.7266386640849878,1.0
2019-11-01,1.0920676106622067,1.6941717191880346,1.0
2019-11-04,0.9943756476338739,1.6816347273882806,1.0
2019-11-05,0.9487906211947076,1.6764873286555213,1.0
2019-11-06,0.869915163169924,1.6665096076709212,1.0
2019-11-07,0.7439779916209215,1.649730354699692,1.0
2019-11-08,0.697011279103408,1.6441863519763837,1.0
2019-11-11,0.7798250852436124,1.6570729042523176,1.0
2019-11-12,0.7445155600622682,1.6532385227535344,1.0
2019-11-13,0.8743364560711895,1.6727230706486038,1.0
2019-11-14,1.0064090291259287,1.6925934037440762,1.0
2019-11-15,0.8349518980726156,1.669815615680348,1.0
2019-11-18,1.054683036884206,1.7018321270651693,1.0
2019-11-19,1.3041283604473008,1.7382308191888334,1.0
2019-11-20,1.2024604366013092,1.72567073853291,1.0
2019-11-21,1.3075234833004874,1.7420151990348685,1.0
2019-11-22,1.0969727232786304,1.7142973673627828,1.0
2019-11-25,0.836372610444678,1.679426340031528,1.0
2019-11-26,1.0114225843700975,1.7048901182610463,1.0
2019-11-27,1.0007188511780143,1.7047057329090407,1.0
2019-11-29,1.085341954727255,1.7177056032609732,1.0
2019-12-02,1.096045772054618,1.720512668919817,1.0
2019-12-03,1.0538826488854292,1.7160692506704687,1.0
2019-12-04,0.7828838554724724,1.6803636535856268,1.0
2019-12-05,0.8253766425473018,1.6872203645527681,1.0
2019-12-06,0.5541742318457531,1.6517404867241423,1.0
2019-12-09,0.3616584286105667,1.6269709341380105,1.0
2019-12-10,0.2779894182871807,1.616861866399084,1.0
2019-12-11,0.3611894513049145,1.6288858250333533,1.0
2019-12-12,0.2889076771337946,1.6203991503458783,1.0
2019-12-13,0.3507876781955031,1.6295340186542344,1.0
2019-12-16,0.2513853535231747,1.6177587157208047,1.0
2019-12-17,0.019157073167265268,1.58916045908432,1.0
2019-12-18,-0.025128344970549672,1.58471307800195,1.0
2019-12-19,-0.1501937832709055,1.570058972127246,1.0
2019-12-20,0.09872571653235881,1.602217661077956,1.0
2019-12-23,0.05419280189311082,1.5977642796291207,1.0
2019-12-24,-0.018219858531836938,1.590032599872993,1.0
2019-12-26,-0.06680844000314812,1.5854126070075583,1.0
2019-12-27,-0.0668096452901858,1.586652604036383,1.0
2019-12-30,-0.0820486233607789,1.586131004187785,1.0
2019-12-31,-0.26600772134972384,1.5658139550347125,1.0
2020-01-02,-0.0061683271740850636,1.5975293627917633,1.0
2020-01-03,-0.17820770305528547,1.5791047563825682,1.0
2020-01-06,-0.2692600567449034,1.5701821045681439,1.0
2020-01-07,-0.1272901781526787,1.5874671040397037,1.0
2020-01-08,-0.15102097748023244,1.5860849845534624,1.0
2020-01-09,-0.07345645977507284,1.595968659849124,1.0
2020-01-10,0.011872250126938032,1.6064251594775025,1.0
2020-01-13,0.10226123591934344,1.6173202836795768,1.0
2020-01-14,-0.05320272906044634,1.6019702687099089,1.0
2020-01-15,-0.205230517384791,1.5873787829065005,1.0
2020-01-16,-0.22871090715970452,1.5863648100099652,1.0
2020-01-17,-0.016791203201853355,1.6091923267022272,1.0
2020-01-21,0.2584794683969751,1.6378876949574144,1.0
2020-01-22,0.5726755971180607,1.6698460091522325,1.0
2020-01-23,0.6187329074832557,1.6749986278619422,1.0
2020-01-24,0.670208691345263,1.680587283057855,1.0
2020-01-27,1.0721397457950352,1.719273676353492,1.0
2020-01-28,0.8685327120128927,1.7005295404282246,1.0
2020-01-29,1.3311119335912296,1.7436506981564146,1.0
2020-01-30,1.2176134332750335,1.7336804960605439,1.0
2020-01-31,1.4110642122020136,1.7515222449211556,1.0
2020-02-03,1.3216565329415555,1.74382956094027,1.0
2020-02-04,1.16027963014151,1.7298682479929315,1.0
2020-02-05,0.8691321083785716,1.7046791847491483,1.0
2020-02-06,1.056281574806468,1.7207350241494772,1.0
2020-02-07,1.1593577713527248,1.7294208979413253,1.0
2020-02-10,1.4703125984592331,1.755150401655766,1.0
2020-02-11,1.6352827651137347,1.7685033461774076,1.0
2020-02-12,1.300413285249236,1.7414505630512773,1.0
2020-02-13,1.0530070014998032,1.7219174895347389,1.0
2020-02-14,1.356251006518354,1.74562688696721,1.0
2020-02-18,1.0721454969178517,1.7241899301084902,1.0
2020-02-19,0.9528310618212384,1.7153092175371574,1.0
2020-02-20,1.1729782080808364,1.7316980876033983,1.0
2020-02-21,1.1842207711957715,1.7327240829868265,1.0
2020-02-24,1.6026377718746874,1.7628379841408879,1.0
2020-02-25,1.7985055174012885,1.7768611756770174,1.0
2020-02-26,1.9229457728524901,1.7858600168295427,1.0
2020-02-27,1.3698950497808544,1.7480106619375082,1.0
2020-02-28,0.8298778090506674,1.7112113503824766,1.0
2020-03-02,0.7398160508853178,1.7054957516825067,1.0
2020-03-03,1.1008922476841363,1.7298947230865453,1.0
2020-03-04,1.6390391728999267,1.7663189278174676,1.0
2020-03-05,2.0184606259086273,1.7927560947740453,1.0
2020-03-06,3.0683114921424024,1.865736590905589,1.0
2020-03-09,5.8262628504199885,2.086910081452193,0.0
2020-03-10,4.553741867701985,2.0135793802680784,0.0
2020-03-11,5.141150152356535,2.0870738896363035,0.0
2020-03-12,5.943173649580958,2.203143459906836,0.0
2020-03-13,4.027568902728537,2.0490167931568135,0.0
2020-03-16,5.421305580215433,2.2222959960292408,0.0
2020-03-17,4.849118382417915,2.1978407752418185,0.0
2020-03-18,6.606586924432842,2.4796260714683886,0.0
2020-03-19,5.191061259380624,2.3590485258372236,0.0
2020-03-20,4.930826542835967,2.3708201313210355,0.0
2020-03-23,5.228900295737447,2.4702199353349545,0.0
2020-03-24,3.7966342876099604,2.2829558230110947,0.0
2020-03-25,3.41112451488628,2.2424944699587344,0.0
2020-03-26,2.9999574636349204,2.191188893560937,0.0
2020-03-27,3.532499681087165,2.298639083700592,0.0
2020-03-30,3.789271910286968,2.3686055517830953,0.0
2020-03-31,3.4379487534252977,2.3296537693447603,0.0
2020-04-01,3.8638329023713833,2.436285749341298,0.0
2020-04-02,3.3725016324468053,2.367425707666299,0.0
2020-04-03,3.2981161866546427,2.374395276552448,0.0
2020-04-06,2.5298919139946054,2.2351707361967526,0.0
2020-04-07,2.316765901016069,2.201706848828454,0.0
2020-04-08,1.7966639250692655,2.102464756789872,0.0
2020-04-09,1.6118516411680555,2.069258959124237,0.0
2020-04-13,1.4053305453939826,2.030555173599851,1.0
2020-04-14,1.5541196745915011,2.064735882877034,1.0
2020-04-15,1.6523896360747743,2.089194797607008,1.0
2020-04-16,1.8784695751413734,2.1413387016865113,1.0
2020-04-17,1.6466080802302483,2.097656067719912,1.0
2020-04-20,1.5257012596040318,2.07626559453226,1.0
2020-04-21,1.6353199845646043,2.1035323031438855,1.0
2020-04-22,1.595051615354343,2.0992215430426784,1.0
2020-04-23,1.4239522818004862,2.06645833431088,1.0
2020-04-24,1.3849096139784247,2.061416239100476,1.0
2020-04-27,1.3237750518672498,2.05145485001923,1.0
2020-04-28,13.98917677664678,29.429422966072583,0.0
2020-04-29,9.741447620762273,28.599056751448643,0.0
2020-04-30,7.884784244065902,28.125348728652828,0.0
2020-05-01,7.066633471314084,29.20606340384212,0.0
2020-05-04,6.135066261532992,28.38825072409628,0.0
2020-05-05,5.482176241685403,27.744553375630122,0.0
2020-05-06,5.093577748052894,27.789760546582347,0.0
2020-05-07,4.573675872997721,26.64501023524259,0.0
2020-05-08,4.208370023104202,25.912402513327738,0.0
2020-05-11,3.945665788618214,25.49491142335631,0.0
2020-05-12,3.7860938740681616,25.52776301667027,0.0
2020-05-13,3.684137264507516,25.828787872406764,0.0
2020-05-14,3.601244816532844,26.19885956699691,0.0
2020-05-15,3.3448418866536835,25.31610381566316,0.0
2020-05-18,3.1976693872168758,25.02982347132849,0.0
2020-05-19,3.0911025962915257,24.946569239259148,0.0
2020-05-20,2.9631084716541936,24.645566808950093,0.0
2020-05-21,2.900682745240565,24.76438136938431,0.0
2020-05-22,2.7948410452382966,24.522468072787227,0.0
2020-05-26,2.72223832306624,24.483453416429214,0.0
2020-05-27,2.595433333177827,23.983294533326443,0.0
2020-05-28,2.531587484097594,23.923102780459068,0.0
2020-05-29,2.512319315272927,24.196315816632826,0.0
2020-06-01,2.4251419600731503,23.90777729930988,0.0
2020-06-02,2.3036493953109223,23.296175941280246,0.0
2020-06-03,2.1349305620042607,22.238645121289757,0.0
2020-06-04,-0.39032013679687444,1.7377082749130184,1.0
2020-06-05,-0.40138064404319407,1.6477315645401631,1.0
2020-06-08,-0.4126008607663299,1.5558139182030812,1.0
2020-06-09,-0.40442904855398965,1.6218008343886157,1.0
2020-06-10,-0.39796455400474456,1.6738154433877994,1.0
2020-06-11,-0.3955251978542582,1.693373530614084,1.0
2020-06-12,-0.39886345092683495,1.6657151136075872,1.0
2020-06-15,-0.3985271236590036,1.6680610049279596,1.0
2020-06-16,-0.4008077194643156,1.6491387784977027,1.0
2020-06-17,-0.39670796836476047,1.682000313332005,1.0
2020-06-18,-0.3959120982353937,1.6880559496391532,1.0
2020-06-19,-0.39621042978453896,1.685493250312069,1.0
2020-06-22,-0.39218408724116866,1.7183710081343007,1.0
2020-06-23,-0.3934569083764057,1.7081530355228298,1.0
2020-06-24,-0.38773521367861896,1.7551001467520013,1.0
2020-06-25,-0.3879305785286313,1.7542432250156679,1.0
2020-06-26,-0.38101892716815616,1.8115774456548235,1.0
2020-06-29,-0.3836051603589822,1.7915246096087176,1.0
2020-06-30,-0.38552119270770013,1.776973516533714,1.0
2020-07-01,-0.38607601957962484,1.773582700333842,1.0
2020-07-02,-0.38997194012432235,1.7427325874290265,1.0
2020-07-06,-0.38772194337913496,1.761885037123415,1.0
2020-07-07,-0.38746708742731095,1.7647014449994096,1.0
2020-07-08,-0.38656400966073357,1.7727837554737134,1.0
2020-07-09,-0.3829587577921493,1.8030052622103538,1.0
2020-07-10,-0.3874725147014088,1.7669920783378346,1.0
2020-07-13,-0.38249894672671686,1.8081894209872995,1.0
2020-07-14,-0.38406064551088015,1.7961812127397385,1.0
2020-07-15,-0.3874363685880571,1.7692257166063878,1.0
2020-07-16,-0.3868432529337187,1.7744582858414861,1.0
2020-07-17,-0.3866733167020927,1.7761159902398287,1.0
2020-07-20,-0.3846224622627702,1.792993119182462,1.0
2020-07-21,-0.39018968232879203,1.7478726164856404,1.0
2020-07-22,-0.3890697946846045,1.7571497691582245,1.0
2020-07-23,-0.3923388723865472,1.7306713430499614,1.0
2020-07-24,-0.3929428980305451,1.7257868068892313,1.0
2020-07-27,-0.3899988822715185,1.749783224046689,1.0
2020-07-28,-0.38933402007671486,1.7552864560764252,1.0
2020-07-29,-0.39418791735047637,1.7159239370144768,1.0
2020-07-30,-0.38731392620281485,1.7720624557805416,1.0
2020-07-31,-0.3887510778547115,1.7606241076665974,1.0
2020-08-03,-0.3915892311517203,1.7376144538124203,1.0
2020-08-04,-0.39465062209986984,1.712714468919909,1.0
2020-08-05,-0.4002338655301711,1.667006258093164,1.0
2020-08-06,-0.39509802754483336,1.7085401614768123,1.0
2020-08-07,-0.39631194449824575,1.6985176219713194,1.0
2020-08-10,-0.40057011056003294,1.6635579734712989,1.0
2020-08-11,-0.3990870777191782,1.675109002219072,1.0
2020-08-12,-0.39991125646244835,1.6679844751321231,1.0
2020-08-13,-0.39668647898358494,1.6939098339890117,1.0
2020-08-14,-0.3998367529012856,1.6682728603550858,1.0
2020-08-17,-0.4016393085392719,1.6535383818607712,1.0
2020-08-18,-0.3958356953428614,1.7004878905505785,1.0
2020-08-19,-0.39481654905768976,1.7088439770957908,1.0
2020-08-20,-0.39612750683177866,1.6983010274668033,1.0
2020-08-21,-0.38929546384504143,1.7541966711898236,1.0
2020-08-24,-0.395123978575475,1.707129936010761,1.0
2020-08-25,-0.39269003425092247,1.727331528902274,1.0
2020-08-26,-0.3947066869958327,1.7113546284338885,1.0
2020-08-27,-0.39419091041141807,1.7158806522888177,1.0
2020-08-28,-0.3928749445358493,1.7269864636444778,1.0
2020-08-31,-0.39488872204655723,1.7108655043896013,1.0
2020-09-01,-0.397060511537459,1.6932454478669756,1.0
2020-09-02,-0.3929354360745163,1.7270509573522341,1.0
2020-09-03,-0.39303642145644613,1.726373313080537,1.0
2020-09-04,-0.39699582329693456,1.6939878353017055,1.0
2020-09-08,-0.3907105749600252,1.7451035727944448,1.0
2020-09-09,-0.38968068474346623,1.7535272615884299,1.0
2020-09-10,-0.3877739422448579,1.7693170399198976,1.0
2020-09-11,-0.38922664488983877,1.7579821965222635,1.0
2020-09-14,-0.3879586823655312,1.7686385078361002,1.0
2020-09-15,-0.3858697967448523,1.786056896280375,1.0
2020-09-16,-0.3889075787291414,1.7616611304966714,1.0
2020-09-17,-0.3870522050631852,1.7770414306490627,1.0
2020-09-18,-0.38859273759246055,1.7648225852962995,1.0
2020-09-21,-0.38529703753890165,1.7922077411969863,1.0
2020-09-22,-0.3824279534173564,1.8162284130941795,1.0
2020-09-23,-0.37621580524354253,1.8678700683909046,1.0
2020-09-24,-0.3779657009529834,1.854982935503204,1.0
2020-09-25,-0.3771192149849576,1.8632652726048171,1.0
2020-09-28,-0.3795659570048766,1.844657620396836,1.0
2020-09-29,-0.3777877167107871,1.860461279136777,1.0
2020-09-30,-0.3754225095482645,1.8810891576159112,1.0
2020-10-01,-0.37592705787594066,1.8784936335124922,1.0
2020-10-02,-0.37843762433349093,1.8596883687689676,1.0
2020-10-05,-0.3807368576940206,1.8425270931837048,1.0
2020-10-06,-0.38059963006782,1.84522489494675,1.0
2020-10-07,-0.3849272877959942,1.8113402747154592,1.0
2020-10-08,-0.3885055446068354,1.7834003217459717,1.0
2020-10-09,-0.38586317588551755,1.8060714512988976,1.0
2020-10-12,-0.3877778937659484,1.7917408039221698,1.0
2020-10-13,-0.383829395091124,1.8251266627717404,1.0
2020-10-14,-0.38256802559122033,1.8367969930085772,1.0
2020-10-15,-0.3820039252297076,1.8429676133814539,1.0
2020-10-16,-0.38269694155068573,1.8387408834759023,1.0
2020-10-19,-0.3825355120594599,1.8415626643521887,1.0
2020-10-20,-0.386396276347157,1.8116690807169515,1.0
2020-10-21,-0.38508491991535476,1.8236597785151545,1.0
2020-10-22,-0.38900229019909116,1.7931133532570296,1.0
2020-10-23,-0.3887607435243311,1.796228808063887,1.0
2020-10-26,-0.3847822961365017,1.8297533238958175,1.0
2020-10-27,-0.37991224065885604,1.8706693135710104,1.0
2020-10-28,-0.37272295717620973,1.930800562687816,1.0
2020-10-29,-0.37548442137578225,1.9102852990009755,1.0
2020-10-30,-0.374767024398865,1.9180014355096289,1.0
2020-11-02,-0.3809534633094504,1.8693917934014233,1.0
2020-11-03,-0.387938064084241,1.8138387132464269,1.0
2020-11-04,-0.3840574943402203,1.8462834662169012,1.0
2020-11-05,-0.38715939506271396,1.8220111420354999,1.0
2020-11-06,-0.38663055509629835,1.8271391974878033,1.0
2020-11-09,-0.39879873470527366,1.7286568891130516,1.0
2020-11-10,-0.39597870292377674,1.7517901932551705,1.0
2020-11-11,-0.3933214270305567,1.7734806791761035,1.0
2020-11-12,-0.3913362271196747,1.7898809091998944,1.0
2020-11-13,-0.394196070075234,1.7668114283926692,1.0
2020-11-16,-0.39588414736514066,1.753196308886076,1.0
2020-11-17,-0.39894368592011237,1.728413068440059,1.0
2020-11-18,-0.399575978462657,1.7234017162349782,1.0
2020-11-19,-0.40347191369571334,1.6916853704398938,1.0
2020-11-20,-0.40321899845086784,1.693524724944989,1.0
2020-11-23,-0.4114780090117138,1.6258919382961512,1.0
2020-11-24,-0.4179022780852935,1.572722945829364,1.0
2020-11-25,-0.41812989587938076,1.5698748031698633,1.0
2020-11-27,-0.41484899985665585,1.595707537633406,1.0
2020-11-30,-0.412935459528428,1.6104155782729497,1.0
2020-12-01,-0.41463008118148403,1.5959405531355635,1.0
2020-12-02,-0.41530892381865814,1.5897074379420355,1.0
2020-12-03,-0.4136259496357902,1.6025846186722534,1.0
2020-12-04,-0.4189027209849677,1.55882390332809,1.0
2020-12-07,-0.41798169924239403,1.565127403778135,1.0
2020-12-08,-0.4177217145890096,1.5660000025825547,1.0
2020-12-09,-0.4190634035106172,1.5537724544030962,1.0
2020-12-10,-0.4222506281459055,1.5266519422981826,1.0
2020-12-11,-0.4207257185986378,1.5379906231964522,1.0
2020-12-14,-0.4168019540455113,1.568983423057052,1.0
2020-12-15,-0.4173202113853148,1.5638119051196164,1.0
2020-12-16,-0.41565635730774303,1.576183124193684,1.0
2020-12-17,-0.41658931816385125,1.5673055690556639,1.0
2020-12-18,-0.41762570582508174,1.5571053741973844,1.0
2020-12-21,-0.41419121605833015,1.5820131258590282,1.0
2020-12-22,-0.4132860588862238,1.586873297361667,1.0
2020-12-23,-0.41344203674851965,1.5826861069487184,1.0
2020-12-24,-0.4125113640692265,1.586670145953418,1.0
2020-12-28,-0.41121098316785554,1.5945820919560387,1.0
2020-12-29,-0.4099821245431152,1.6009646219062956,1.0
2020-12-30,-0.40844829619237855,1.610016296825423,1.0
2020-12-31,-0.4048052329317569,1.6347362101697136,1.0
2021-01-04,-0.39992173935290865,1.6704183034837985,1.0
2021-01-05,-0.4048045585967274,1.6265321303061393,1.0
2021-01-06,-0.40831095543237034,1.593051285392641,1.0
2021-01-07,-0.4105472806069009,1.570798575118338,1.0
2021-01-08,-0.4083708517778739,1.5846820994540836,1.0
2021-01-11,-0.408888428413995,1.5769396424794224,1.0
2021-01-12,-0.41172690232096437,1.5495762520495082,1.0
2021-01-13,-0.41204968705995454,1.5422039515477657,1.0
2021-01-14,-0.4096504094950064,1.5572570310523508,1.0
2021-01-15,-0.4107293239221297,1.5433697631333836,1.0
2021-01-19,-0.41276671311936913,1.5219517435894068,1.0
2021-01-20,-0.4092061256733332,1.5461414844524493,1.0
2021-01-21,-0.40698125689966913,1.5603504740625342,1.0
2021-01-22,-0.4068887581581188,1.557396895334664,1.0
2021-01-25,-0.4089166997394761,1.5376465142601021,1.0
2021-01-26,-0.4091543634070733,1.532615038098802,1.0
2021-01-27,-0.41226606538735494,1.5042574558076736,1.0
2021-01-28,-0.4092905586344879,1.5253498188132686,1.0
2021-01-29,-0.41216446712002586,1.4985533615361672,1.0
2021-02-01,-0.41136956587840867,1.5013292865814494,1.0
2021-02-02,-0.4096808576394185,1.511692294602399,1.0
2021-02-03,-0.41177836260151884,1.4912386886022855,1.0
2021-02-04,-0.4125729116070753,1.4811752607288131,1.0
2021-02-05,-0.41403320469660804,1.4656226643538415,1.0
2021-02-08,-0.4169112394815803,1.4385485174223345,1.0
2021-02-09,-0.4152779971488878,1.4483013488984748,1.0
2021-02-10,-0.41822152426147996,1.4206671747555553,1.0
2021-02-11,-0.4084146214036621,1.4367506659955716,1.0
2021-02-12,-0.40050455461601553,1.4361266547166114,1.0
2021-02-16,-0.38995061049631585,1.4549144818340412,1.0
2021-02-17,-0.37996795928177085,1.469715475924705,1.0
2021-02-18,-0.3701743288806894,1.4811614035409633,1.0
2021-02-19,-0.3632676276997239,1.4706242215961745,1.0
2021-02-22,-0.3565068384975197,1.4593023953836592,1.0
2021-02-23,-0.34642565793144675,1.4689072560748861,1.0
2021-02-24,-0.33417284967019606,1.490752780125914,1.0
2021-02-25,-0.33121623573736464,1.4521809935893963,1.0
2021-02-26,-0.3198396881630284,1.4660926524158917,1.0
2021-03-01,-0.30509580636338757,1.4983929509281706,1.0
2021-03-02,-0.29901903022522064,1.47940736452306,1.0
2021-03-03,-0.28891272116430045,1.481878928258593,1.0
2021-03-04,-0.28164146901135495,1.4684233794370218,1.0
2021-03-05,-0.26849698895427676,1.4840444222849347,1.0
2021-03-08,-0.2583135828307869,1.4832496572519733,1.0
2021-03-09,-0.25222227662379765,1.4639447120325306,1.0
2021-03-10,-0.2399749812774773,1.4712982433481019,1.0
2021-03-11,-0.23409227355798076,1.4533882794009987,1.0
2021-03-12,-0.21736774107885024,1.4752459662409945,1.0
2021-03-15,-0.2102253980908523,1.4645363310956319,1.0
2021-03-16,-0.20441571446033974,1.457272723874519,1.0
2021-03-17,-0.18913753125401395,1.4821370428196858,1.0
2021-03-18,-0.19092709662551652,1.493217001128608,1.0
2021-03-19,-1.539762750165238,1.4661488364963906,1.0
2021-03-22,-1.3639171261377614,1.4872487884103827,1.0
2021-03-23,-1.2481519304123276,1.5011235537463778,1.0
2021-03-24,-1.0852079011495908,1.522329052587999,1.0
2021-03-25,-1.094247752010629,1.5202251167366263,1.0
2021-03-26,-1.157140316318367,1.5105379412465048,1.0
2021-03-29,-0.8939738218536685,1.5446259395937054,1.0
2021-03-30,-1.0406559006775786,1.5239576618056296,1.0
2021-03-31,-0.9914097782499367,1.5295259440478175,1.0
2021-04-01,-1.069300556590211,1.5180070471171199,1.0
2021-04-05,-1.0132916717068272,1.5244083688545391,1.0
2021-04-06,-1.0398341379365421,1.5196151603784374,1.0
2021-04-07,-1.007530997061702,1.5228324244833784,1.0
2021-04-08,-0.9335043634836638,1.5317177306455165,1.0
2021-04-09,-0.8973721940042874,1.5355550828288744,1.0
2021-04-12,-0.7607995503955568,1.5531098224679036,1.0
2021-04-13,-0.7799630704701686,1.549452818360245,1.0
2021-04-14,-1.0044007730316227,1.5175390292087096,1.0
2021-04-15,-0.9711558862920837,1.5207325116889534,1.0
2021-04-16,-0.9855576182875123,1.5174297008718531,1.0
2021-04-19,-1.139322323368289,1.4949259203695298,1.0
2021-04-20,-1.0361710783874871,1.5075805665933864,1.0
2021-04-21,-0.988444105782285,1.5127457226252288,1.0
2021-04-22,-1.0183981881079602,1.5072627929831566,1.0
2021-04-23,-0.9589290485772335,1.514072564304727,1.0
2021-04-26,-1.0683314099482581,1.4976692911161595,1.0
2021-04-27,-1.078335422673176,1.4948127063269567,1.0
2021-04-28,-1.3728797155677843,1.4525767293175713,1.0
2021-04-29,-1.3551632134130114,1.453029712416158,1.0
2021-04-30,-1.213567881026175,1.4706997817943546,1.0
2021-05-03,-1.12553942502259,1.4812081563483688,1.0
2021-05-04,-0.8818800097948272,1.5134343446654226,1.0
2021-05-05,-1.0316785547007012,1.4914687007112553,1.0
2021-05-06,-1.0568381221394636,1.4865596963868368,1.0
2021-05-07,-1.3840759195850514,1.4395294758501684,1.0
2021-05-10,-1.541779686116534,1.4152477698917616,1.0
2021-05-11,-1.5232256052464377,1.41528114363025,1.0
2021-05-12,-1.4242227652814192,1.4267931566113723,1.0
2021-05-13,-1.4814721700319835,1.4164220867585542,1.0
2021-05-14,-1.5044268530964418,1.410705934023149,1.0
2021-05-17,-1.4963135539831902,1.409443264529946,1.0
2021-05-18,-1.570942812682115,1.3962731763609408,1.0
2021-05-19,-1.583886466274423,1.3916848814216085,1.0
2021-05-20,-1.4934047494235627,1.4020275885645983,1.0
2021-05-21,-1.417977125176011,1.410542429324916,1.0
2021-05-24,-1.4629229878258974,1.401652064697894,1.0
2021-05-25,-1.4808552559252786,1.3965627186535747,1.0
2021-05-26,-1.4442188232591624,1.3995045713116934,1.0
2021-05-27,-1.4054985635811335,1.402852115436432,1.0
2021-05-28,-1.3454686267275062,1.4095073190893082,1.0
2021-06-01,-1.5360713876321093,1.3788214632377849,1.0
2021-06-02,-1.5983130683434759,1.3667117622334024,1.0
2021-06-03,-1.5693391539799564,1.3681878135576884,1.0
2021-06-04,-1.6087475033186511,1.359281408433389,1.0
2021-06-07,-1.5104851396157422,1.3713187430480804,1.0
2021-06-08,-1.624496413456222,1.3510229257784891,1.0
2021-06-09,-1.5957382539130232,1.352462762474792,1.0
2021-06-10,-1.608932798000366,1.3473779851749041,1.0
2021-06-11,-1.6641508193373546,1.335674166860135,1.0
2021-06-14,-1.6431552060247407,1.335674166860135,1.0
2021-06-15,-1.622712210463294,1.335674166860135,1.0
2021-06-16,-1.574704764649665,1.3401501399204787,1.0
2021-06-17,-1.59811585566511,1.3333965453043783,1.0
2021-06-18,-1.539548600928839,1.339648850328515,1.0
2021-06-21,-1.6601825343699277,1.3173289473259635,1.0
2021-06-22,-1.614684334697709,1.3213606060606058,1.0
2021-06-23,-1.6117950970304435,1.3185924242424236,1.0
2021-06-24,-1.6928979636708086,1.3022102535369104,1.0
2021-06-25,-1.661681895691335,1.3039439171699738,1.0
2021-06-28,-1.5576812910268756,1.3178524590163936,1.0
2021-06-29,-1.516643136568411,1.3217131147540984,1.0
2021-06-30,-1.5074078301926221,1.3205163934426232,1.0
2021-07-01,-1.5813803403474391,1.3056961432506888,1.0
2021-07-02,-1.468287750517006,1.3214690191719929,1.0
2021-07-06,-1.356664843945868,1.3373960136375564,1.0
2021-07-07,-1.3701206419502252,1.332895706300813,1.0
2021-07-08,-1.2906796688081632,1.3438256333830105,1.0
2021-07-09,-1.2425802212449228,1.349863821138211,1.0
2021-07-12,-1.2848642115494826,1.3415177928828481,1.0
2021-07-14,-1.1222562314956541,1.3663916666666671,1.0
2021-07-15,-0.9647511978449462,1.3904604838709678,1.0
2021-07-16,-0.9806991736871072,1.3866676616915423,1.0
2021-07-19,-0.9299546736599439,1.3935543378995434,1.0
2021-07-20,-0.9251040471297284,1.3933151260504202,1.0
2021-07-21,-0.9700599849832596,1.3853660130718954,1.0
2021-07-22,-0.8645063068763853,1.4005585609243703,1.0
2021-07-23,-0.8492723589632557,1.4018044871794875,1.0
2021-07-26,-0.842091899540756,1.4018535166578532,1.0
2021-07-27,-0.8392078599272841,1.401156895661157,1.0
2021-07-28,-0.9662397221871725,1.381048155737705,1.0
2021-07-29,-0.8028968213334975,1.404063709677419,1.0
2021-07-30,-0.7339840974921737,1.413048269581057,1.0
2021-08-02,-0.8721996970770557,1.3919563071738088,1.0
2021-08-03,-0.8467629525830905,1.3947135235732013,1.0
2021-08-04,-0.9474763802336678,1.3795476190476195,1.0
2021-08-05,-0.9989652354153716,1.371511904761904,1.0
2021-08-06,-1.0770782854445806,1.3599284416174466,1.0
2021-08-09,-1.0302333647286162,1.3655236607142864,1.0
2021-08-10,-0.8609353130257511,1.3878515625,1.0
2021-08-11,-0.8929196046224651,1.3826514185726786,1.0
2021-08-12,-0.8604178496512972,1.3861470734126982,1.0
2021-08-13,-0.7710147856500483,1.3972652307692313,1.0
2021-08-16,-0.6980618392062943,1.406238447761194,1.0
2021-08-17,-0.724207553028687,1.402897793263647,1.0
2021-08-18,-0.6454935327445739,1.4124155282331519,1.0
2021-08-19,-0.644699411565815,1.4124153715137322,1.0
2021-08-20,-0.6109933525066041,1.415970601092896,1.0
2021-08-23,-0.7162683082914812,1.4035781301985144,1.0
2021-08-24,-0.7264089752433417,1.4023204948646126,1.0
2021-08-25,-0.7240121050397499,1.4023621933621937,1.0
2021-08-26,-0.7135333284467459,1.4033477092099111,1.0
2021-08-27,-0.8510025209367643,1.3886362204724407,1.0
2021-08-30,-0.8190902894890728,1.391512838468721,1.0
2021-08-31,-0.8362912259817785,1.3896500962927298,1.0
2021-09-01,-0.8707966711834151,1.3864014590088003,1.0
2021-09-02,-1.0044983775071288,1.3738127864613936,1.0
2021-09-03,-0.949212958452568,1.3790249766573297,1.0
2021-09-07,-0.9248327941589072,1.3811197681159426,1.0
